dl_page,table,kit,msb,lsb,pc,drum_tutor,note_no,midi_note,keyboard_note,sound,alt_group,key_off,status
15,1,StandardKit1,127,0,1,yes,13,C♯-1,C♯0,Surdo Mute,3,,kit-specific
15,1,StandardKit2,127,0,2,yes,13,C♯-1,C♯0,Surdo Mute,3,,same as StandardKit1
15,1,HitKit,127,0,5,yes,13,C♯-1,C♯0,Surdo Mute,3,,same as StandardKit1
15,1,RoomKit,127,0,9,yes,13,C♯-1,C♯0,Surdo Mute,3,,same as StandardKit1
15,1,RockKit(Legacy),127,0,17,yes,13,C♯-1,C♯0,Surdo Mute,3,,same as StandardKit1
15,1,StandardKit1,127,0,1,yes,14,D-1,D0,Surdo Open,3,,kit-specific
15,1,StandardKit2,127,0,2,yes,14,D-1,D0,Surdo Open,3,,same as StandardKit1
15,1,HitKit,127,0,5,yes,14,D-1,D0,Surdo Open,3,,same as StandardKit1
15,1,RoomKit,127,0,9,yes,14,D-1,D0,Surdo Open,3,,same as StandardKit1
15,1,RockKit(Legacy),127,0,17,yes,14,D-1,D0,Surdo Open,3,,same as StandardKit1
15,1,StandardKit1,127,0,1,yes,15,D♯-1,D♯0,Hi Q,,,kit-specific
15,1,StandardKit2,127,0,2,yes,15,D♯-1,D♯0,Hi Q,,,same as StandardKit1
15,1,HitKit,127,0,5,yes,15,D♯-1,D♯0,Hi Q,,,same as StandardKit1
15,1,RoomKit,127,0,9,yes,15,D♯-1,D♯0,Hi Q,,,same as StandardKit1
15,1,RockKit(Legacy),127,0,17,yes,15,D♯-1,D♯0,Hi Q,,,same as StandardKit1
15,1,StandardKit1,127,0,1,yes,16,E-1,E0,Whip Slap,,,kit-specific
15,1,StandardKit2,127,0,2,yes,16,E-1,E0,Whip Slap,,,same as StandardKit1
15,1,HitKit,127,0,5,yes,16,E-1,E0,Whip Slap,,,same as StandardKit1
15,1,RoomKit,127,0,9,yes,16,E-1,E0,Whip Slap,,,same as StandardKit1
15,1,RockKit(Legacy),127,0,17,yes,16,E-1,E0,Whip Slap,,,same as StandardKit1
15,1,StandardKit1,127,0,1,yes,17,F-1,F0,Scratch H,4,,kit-specific
15,1,StandardKit2,127,0,2,yes,17,F-1,F0,Scratch H,4,,same as StandardKit1
15,1,HitKit,127,0,5,yes,17,F-1,F0,Scratch H,4,,same as StandardKit1
15,1,RoomKit,127,0,9,yes,17,F-1,F0,Scratch H,4,,same as StandardKit1
15,1,RockKit(Legacy),127,0,17,yes,17,F-1,F0,Scratch H,4,,same as StandardKit1
15,1,StandardKit1,127,0,1,yes,18,F♯-1,F♯0,Scratch L,4,,kit-specific
15,1,StandardKit2,127,0,2,yes,18,F♯-1,F♯0,Scratch L,4,,same as StandardKit1
15,1,HitKit,127,0,5,yes,18,F♯-1,F♯0,Scratch L,4,,same as StandardKit1
15,1,RoomKit,127,0,9,yes,18,F♯-1,F♯0,Scratch L,4,,same as StandardKit1
15,1,RockKit(Legacy),127,0,17,yes,18,F♯-1,F♯0,Scratch L,4,,same as StandardKit1
15,1,StandardKit1,127,0,1,yes,19,G-1,G0,Finger Snap,,,kit-specific
15,1,StandardKit2,127,0,2,yes,19,G-1,G0,Finger Snap,,,same as StandardKit1
15,1,HitKit,127,0,5,yes,19,G-1,G0,Finger Snap,,,same as StandardKit1
15,1,RoomKit,127,0,9,yes,19,G-1,G0,Finger Snap,,,same as StandardKit1
15,1,RockKit(Legacy),127,0,17,yes,19,G-1,G0,Finger Snap,,,same as StandardKit1
15,1,StandardKit1,127,0,1,yes,20,G♯-1,G♯0,Click Noise,,,kit-specific
15,1,StandardKit2,127,0,2,yes,20,G♯-1,G♯0,Click Noise,,,same as StandardKit1
15,1,HitKit,127,0,5,yes,20,G♯-1,G♯0,Click Noise,,,same as StandardKit1
15,1,RoomKit,127,0,9,yes,20,G♯-1,G♯0,Click Noise,,,same as StandardKit1
15,1,RockKit(Legacy),127,0,17,yes,20,G♯-1,G♯0,Click Noise,,,same as StandardKit1
15,1,StandardKit1,127,0,1,yes,21,A-1,A0,Metronome Click,,,kit-specific
15,1,StandardKit2,127,0,2,yes,21,A-1,A0,Metronome Click,,,same as StandardKit1
15,1,HitKit,127,0,5,yes,21,A-1,A0,Metronome Click,,,same as StandardKit1
15,1,RoomKit,127,0,9,yes,21,A-1,A0,Metronome Click,,,same as StandardKit1
15,1,RockKit(Legacy),127,0,17,yes,21,A-1,A0,Metronome Click,,,same as StandardKit1
15,1,StandardKit1,127,0,1,yes,22,A♯-1,A♯0,Metronome Bell,,,kit-specific
15,1,StandardKit2,127,0,2,yes,22,A♯-1,A♯0,Metronome Bell,,,same as StandardKit1
15,1,HitKit,127,0,5,yes,22,A♯-1,A♯0,Metronome Bell,,,same as StandardKit1
15,1,RoomKit,127,0,9,yes,22,A♯-1,A♯0,Metronome Bell,,,same as StandardKit1
15,1,RockKit(Legacy),127,0,17,yes,22,A♯-1,A♯0,Metronome Bell,,,same as StandardKit1
15,1,StandardKit1,127,0,1,yes,23,B-1,B0,Seq Click L,,,kit-specific
15,1,StandardKit2,127,0,2,yes,23,B-1,B0,Seq Click L,,,same as StandardKit1
15,1,HitKit,127,0,5,yes,23,B-1,B0,Seq Click L,,,same as StandardKit1
15,1,RoomKit,127,0,9,yes,23,B-1,B0,Seq Click L,,,same as StandardKit1
15,1,RockKit(Legacy),127,0,17,yes,23,B-1,B0,Seq Click L,,,same as StandardKit1
15,1,StandardKit1,127,0,1,yes,24,C0,C1,Seq Click H,,,kit-specific
15,1,StandardKit2,127,0,2,yes,24,C0,C1,Seq Click H,,,same as StandardKit1
15,1,HitKit,127,0,5,yes,24,C0,C1,Seq Click H,,,same as StandardKit1
15,1,RoomKit,127,0,9,yes,24,C0,C1,Seq Click H,,,same as StandardKit1
15,1,RockKit(Legacy),127,0,17,yes,24,C0,C1,Seq Click H,,,same as StandardKit1
15,1,StandardKit1,127,0,1,yes,25,C♯0,C♯1,Brush Tap,,,kit-specific
15,1,StandardKit2,127,0,2,yes,25,C♯0,C♯1,Brush Tap,,,same as StandardKit1
15,1,HitKit,127,0,5,yes,25,C♯0,C♯1,Brush Tap,,,same as StandardKit1
15,1,RoomKit,127,0,9,yes,25,C♯0,C♯1,Brush Tap,,,same as StandardKit1
15,1,RockKit(Legacy),127,0,17,yes,25,C♯0,C♯1,Brush Tap,,,same as StandardKit1
15,1,StandardKit1,127,0,1,yes,26,D0,D1,Brush Swirl,,yes,kit-specific
15,1,StandardKit2,127,0,2,yes,26,D0,D1,Brush Swirl,,yes,same as StandardKit1
15,1,HitKit,127,0,5,yes,26,D0,D1,Brush Swirl,,yes,same as StandardKit1
15,1,RoomKit,127,0,9,yes,26,D0,D1,Brush Swirl,,yes,same as StandardKit1
15,1,RockKit(Legacy),127,0,17,yes,26,D0,D1,Brush Swirl,,yes,same as StandardKit1
15,1,StandardKit1,127,0,1,yes,27,D♯0,D♯1,Brush Slap,,,kit-specific
15,1,StandardKit2,127,0,2,yes,27,D♯0,D♯1,Brush Slap,,,same as StandardKit1
15,1,HitKit,127,0,5,yes,27,D♯0,D♯1,Brush Slap,,,same as StandardKit1
15,1,RoomKit,127,0,9,yes,27,D♯0,D♯1,Brush Slap,,,same as StandardKit1
15,1,RockKit(Legacy),127,0,17,yes,27,D♯0,D♯1,Brush Slap,,,same as StandardKit1
15,1,StandardKit1,127,0,1,yes,28,E0,E1,Brush Tap Swirl,,yes,kit-specific
15,1,StandardKit2,127,0,2,yes,28,E0,E1,Brush Tap Swirl,,yes,same as StandardKit1
15,1,HitKit,127,0,5,yes,28,E0,E1,Brush Tap Swirl,,yes,same as StandardKit1
15,1,RoomKit,127,0,9,yes,28,E0,E1,Brush Tap Swirl,,yes,same as StandardKit1
15,1,RockKit(Legacy),127,0,17,yes,28,E0,E1,Brush Tap Swirl,,yes,same as StandardKit1
15,1,StandardKit1,127,0,1,yes,29,F0,F1,Snare Roll,,yes,kit-specific
15,1,StandardKit2,127,0,2,yes,29,F0,F1,Snare Roll,,yes,same as StandardKit1
15,1,HitKit,127,0,5,yes,29,F0,F1,Snare Roll,,yes,same as StandardKit1
15,1,RoomKit,127,0,9,yes,29,F0,F1,Snare Roll,,yes,same as StandardKit1
15,1,RockKit(Legacy),127,0,17,yes,29,F0,F1,Snare Roll,,yes,same as StandardKit1
15,1,StandardKit1,127,0,1,yes,30,F♯0,F♯1,Castanet,,,kit-specific
15,1,StandardKit2,127,0,2,yes,30,F♯0,F♯1,Castanet,,,same as StandardKit1
15,1,HitKit,127,0,5,yes,30,F♯0,F♯1,Castanet,,,same as StandardKit1
15,1,RoomKit,127,0,9,yes,30,F♯0,F♯1,Castanet,,,same as StandardKit1
15,1,RockKit(Legacy),127,0,17,yes,30,F♯0,F♯1,Castanet,,,same as StandardKit1
15,1,StandardKit1,127,0,1,yes,31,G0,G1,Snare Soft,,,kit-specific
15,1,StandardKit2,127,0,2,yes,31,G0,G1,Snare Soft 2,,,kit-specific
15,1,HitKit,127,0,5,yes,31,G0,G1,Snare Electro,,,kit-specific
15,1,RoomKit,127,0,9,yes,31,G0,G1,Snare Soft,,,same as StandardKit1
15,1,RockKit(Legacy),127,0,17,yes,31,G0,G1,Snare Noisy,,,kit-specific
15,1,StandardKit1,127,0,1,yes,32,G♯0,G♯1,Sticks,,,kit-specific
15,1,StandardKit2,127,0,2,yes,32,G♯0,G♯1,Sticks,,,same as StandardKit1
15,1,HitKit,127,0,5,yes,32,G♯0,G♯1,Sticks,,,same as StandardKit1
15,1,RoomKit,127,0,9,yes,32,G♯0,G♯1,Sticks,,,same as StandardKit1
15,1,RockKit(Legacy),127,0,17,yes,32,G♯0,G♯1,Sticks,,,same as StandardKit1
15,1,StandardKit1,127,0,1,yes,33,A0,A1,Kick Soft,,,kit-specific
15,1,StandardKit2,127,0,2,yes,33,A0,A1,Kick Soft,,,same as StandardKit1
15,1,HitKit,127,0,5,yes,33,A0,A1,Kick Tight L,,,kit-specific
15,1,RoomKit,127,0,9,yes,33,A0,A1,Kick Soft,,,same as StandardKit1
15,1,RockKit(Legacy),127,0,17,yes,33,A0,A1,Kick Soft,,,same as StandardKit1
15,1,StandardKit1,127,0,1,yes,34,A♯0,A♯1,Open Rim Shot,,,kit-specific
15,1,StandardKit2,127,0,2,yes,34,A♯0,A♯1,Open Rim Shot H Short,,,kit-specific
15,1,HitKit,127,0,5,yes,34,A♯0,A♯1,Snare Pitched,,,kit-specific
15,1,RoomKit,127,0,9,yes,34,A♯0,A♯1,Open Rim Shot,,,same as StandardKit1
15,1,RockKit(Legacy),127,0,17,yes,34,A♯0,A♯1,Open Rim Shot,,,same as StandardKit1
15,1,StandardKit1,127,0,1,yes,35,B0,B1,Kick Tight,,,kit-specific
15,1,StandardKit2,127,0,2,yes,35,B0,B1,Kick Tight,,,same as StandardKit1
15,1,HitKit,127,0,5,yes,35,B0,B1,Kick Wet,,,kit-specific
15,1,RoomKit,127,0,9,yes,35,B0,B1,Kick Tight,,,same as StandardKit1
15,1,RockKit(Legacy),127,0,17,yes,35,B0,B1,Kick 2,,,kit-specific
15,1,StandardKit1,127,0,1,yes,36,C1,C2,Kick,,,kit-specific
15,1,StandardKit2,127,0,2,yes,36,C1,C2,Kick Short,,,kit-specific
15,1,HitKit,127,0,5,yes,36,C1,C2,Kick Tight H,,,kit-specific
15,1,RoomKit,127,0,9,yes,36,C1,C2,Kick,,,same as StandardKit1
15,1,RockKit(Legacy),127,0,17,yes,36,C1,C2,Kick Gate,,,kit-specific
15,1,StandardKit1,127,0,1,yes,37,C♯1,C♯2,Side Stick,,,kit-specific
15,1,StandardKit2,127,0,2,yes,37,C♯1,C♯2,Side Stick Light,,,kit-specific
15,1,HitKit,127,0,5,yes,37,C♯1,C♯2,Stick Ambient,,,kit-specific
15,1,RoomKit,127,0,9,yes,37,C♯1,C♯2,Side Stick,,,same as StandardKit1
15,1,RockKit(Legacy),127,0,17,yes,37,C♯1,C♯2,Side Stick,,,same as StandardKit1
15,1,StandardKit1,127,0,1,yes,38,D1,D2,Snare,,,kit-specific
15,1,StandardKit2,127,0,2,yes,38,D1,D2,Snare Short,,,kit-specific
15,1,HitKit,127,0,5,yes,38,D1,D2,Snare Ambient,,,kit-specific
15,1,RoomKit,127,0,9,yes,38,D1,D2,Snare Snappy,,,kit-specific
15,1,RockKit(Legacy),127,0,17,yes,38,D1,D2,Snare Rock,,,kit-specific
15,1,StandardKit1,127,0,1,yes,39,D♯1,D♯2,Hand Clap,,,kit-specific
15,1,StandardKit2,127,0,2,yes,39,D♯1,D♯2,Hand Clap,,,same as StandardKit1
15,1,HitKit,127,0,5,yes,39,D♯1,D♯2,Hand Clap,,,same as StandardKit1
15,1,RoomKit,127,0,9,yes,39,D♯1,D♯2,Hand Clap,,,same as StandardKit1
15,1,RockKit(Legacy),127,0,17,yes,39,D♯1,D♯2,Hand Clap,,,same as StandardKit1
15,1,StandardKit1,127,0,1,yes,40,E1,E2,Snare Tight,,,kit-specific
15,1,StandardKit2,127,0,2,yes,40,E1,E2,Snare Tight H,,,kit-specific
15,1,HitKit,127,0,5,yes,40,E1,E2,Snare Tight 2,,,kit-specific
15,1,RoomKit,127,0,9,yes,40,E1,E2,Snare Tight Snappy,,,kit-specific
15,1,RockKit(Legacy),127,0,17,yes,40,E1,E2,Snare Rock Tight,,,kit-specific
15,1,StandardKit1,127,0,1,yes,41,F1,F2,Floor Tom L,,,kit-specific
15,1,StandardKit2,127,0,2,yes,41,F1,F2,Floor Tom L,,,same as StandardKit1
15,1,HitKit,127,0,5,yes,41,F1,F2,Hybrid Tom 1,,,kit-specific
15,1,RoomKit,127,0,9,yes,41,F1,F2,Tom Room 1,,,kit-specific
15,1,RockKit(Legacy),127,0,17,yes,41,F1,F2,Tom Rock 1,,,kit-specific
15,1,StandardKit1,127,0,1,yes,42,F♯1,F♯2,Hi-Hat Closed,1,,kit-specific
15,1,StandardKit2,127,0,2,yes,42,F♯1,F♯2,Hi-Hat Closed,1,,same as StandardKit1
15,1,HitKit,127,0,5,yes,42,F♯1,F♯2,Hi-Hat Closed 2,1,,kit-specific
15,1,RoomKit,127,0,9,yes,42,F♯1,F♯2,Hi-Hat Closed,1,,same as StandardKit1
15,1,RockKit(Legacy),127,0,17,yes,42,F♯1,F♯2,Hi-Hat Closed,1,,same as StandardKit1
15,1,StandardKit1,127,0,1,yes,43,G1,G2,Floor Tom H,,,kit-specific
15,1,StandardKit2,127,0,2,yes,43,G1,G2,Floor Tom H,,,same as StandardKit1
15,1,HitKit,127,0,5,yes,43,G1,G2,Hybrid Tom 2,,,kit-specific
15,1,RoomKit,127,0,9,yes,43,G1,G2,Tom Room 2,,,kit-specific
15,1,RockKit(Legacy),127,0,17,yes,43,G1,G2,Tom Rock 2,,,kit-specific
15,1,StandardKit1,127,0,1,yes,44,G♯1,G♯2,Hi-Hat Pedal,1,,kit-specific
15,1,StandardKit2,127,0,2,yes,44,G♯1,G♯2,Hi-Hat Pedal,1,,same as StandardKit1
15,1,HitKit,127,0,5,yes,44,G♯1,G♯2,Hi-Hat Pedal 2,1,,kit-specific
15,1,RoomKit,127,0,9,yes,44,G♯1,G♯2,Hi-Hat Pedal,1,,same as StandardKit1
15,1,RockKit(Legacy),127,0,17,yes,44,G♯1,G♯2,Hi-Hat Pedal,1,,same as StandardKit1
15,1,StandardKit1,127,0,1,yes,45,A1,A2,Low Tom,,,kit-specific
15,1,StandardKit2,127,0,2,yes,45,A1,A2,Low Tom,,,same as StandardKit1
15,1,HitKit,127,0,5,yes,45,A1,A2,Hybrid Tom 3,,,kit-specific
15,1,RoomKit,127,0,9,yes,45,A1,A2,Tom Room 3,,,kit-specific
15,1,RockKit(Legacy),127,0,17,yes,45,A1,A2,Tom Rock 3,,,kit-specific
15,1,StandardKit1,127,0,1,yes,46,A♯1,A♯2,Hi-Hat Open,1,,kit-specific
15,1,StandardKit2,127,0,2,yes,46,A♯1,A♯2,Hi-Hat Open,1,,same as StandardKit1
15,1,HitKit,127,0,5,yes,46,A♯1,A♯2,Hi-Hat Open 2,1,,kit-specific
15,1,RoomKit,127,0,9,yes,46,A♯1,A♯2,Hi-Hat Open,1,,same as StandardKit1
15,1,RockKit(Legacy),127,0,17,yes,46,A♯1,A♯2,Hi-Hat Open,1,,same as StandardKit1
15,1,StandardKit1,127,0,1,yes,47,B1,B2,Mid Tom L,,,kit-specific
15,1,StandardKit2,127,0,2,yes,47,B1,B2,Mid Tom L,,,same as StandardKit1
15,1,HitKit,127,0,5,yes,47,B1,B2,Hybrid Tom 4,,,kit-specific
15,1,RoomKit,127,0,9,yes,47,B1,B2,Tom Room 4,,,kit-specific
15,1,RockKit(Legacy),127,0,17,yes,47,B1,B2,Tom Rock 4,,,kit-specific
15,1,StandardKit1,127,0,1,yes,48,C2,C3,Mid Tom H,,,kit-specific
15,1,StandardKit2,127,0,2,yes,48,C2,C3,Mid Tom H,,,same as StandardKit1
15,1,HitKit,127,0,5,yes,48,C2,C3,Hybrid Tom 5,,,kit-specific
15,1,RoomKit,127,0,9,yes,48,C2,C3,Tom Room 5,,,kit-specific
15,1,RockKit(Legacy),127,0,17,yes,48,C2,C3,Tom Rock 5,,,kit-specific
15,1,StandardKit1,127,0,1,yes,49,C♯2,C♯3,Crash Cymbal 1,,,kit-specific
15,1,StandardKit2,127,0,2,yes,49,C♯2,C♯3,Crash Cymbal 1,,,same as StandardKit1
15,1,HitKit,127,0,5,yes,49,C♯2,C♯3,Crash Cymbal 1,,,same as StandardKit1
15,1,RoomKit,127,0,9,yes,49,C♯2,C♯3,Crash Cymbal 1,,,same as StandardKit1
15,1,RockKit(Legacy),127,0,17,yes,49,C♯2,C♯3,Crash Cymbal 1,,,same as StandardKit1
15,1,StandardKit1,127,0,1,yes,50,D2,D3,High Tom,,,kit-specific
15,1,StandardKit2,127,0,2,yes,50,D2,D3,High Tom,,,same as StandardKit1
15,1,HitKit,127,0,5,yes,50,D2,D3,Hybrid Tom 6,,,kit-specific
15,1,RoomKit,127,0,9,yes,50,D2,D3,Tom Room 6,,,kit-specific
15,1,RockKit(Legacy),127,0,17,yes,50,D2,D3,Tom Rock 6,,,kit-specific
15,1,StandardKit1,127,0,1,yes,51,D♯2,D♯3,Ride Cymbal 1,,,kit-specific
15,1,StandardKit2,127,0,2,yes,51,D♯2,D♯3,Ride Cymbal 1,,,same as StandardKit1
15,1,HitKit,127,0,5,yes,51,D♯2,D♯3,Ride Cymbal 1,,,same as StandardKit1
15,1,RoomKit,127,0,9,yes,51,D♯2,D♯3,Ride Cymbal 1,,,same as StandardKit1
15,1,RockKit(Legacy),127,0,17,yes,51,D♯2,D♯3,Ride Cymbal 1,,,same as StandardKit1
15,1,StandardKit1,127,0,1,yes,52,E2,E3,Chinese Cymbal,,,kit-specific
15,1,StandardKit2,127,0,2,yes,52,E2,E3,Chinese Cymbal,,,same as StandardKit1
15,1,HitKit,127,0,5,yes,52,E2,E3,Chinese Cymbal,,,same as StandardKit1
15,1,RoomKit,127,0,9,yes,52,E2,E3,Chinese Cymbal,,,same as StandardKit1
15,1,RockKit(Legacy),127,0,17,yes,52,E2,E3,Chinese Cymbal,,,same as StandardKit1
15,1,StandardKit1,127,0,1,yes,53,F2,F3,Ride Cymbal Cup,,,kit-specific
15,1,StandardKit2,127,0,2,yes,53,F2,F3,Ride Cymbal Cup,,,same as StandardKit1
15,1,HitKit,127,0,5,yes,53,F2,F3,Ride Cymbal Cup,,,same as StandardKit1
15,1,RoomKit,127,0,9,yes,53,F2,F3,Ride Cymbal Cup,,,same as StandardKit1
15,1,RockKit(Legacy),127,0,17,yes,53,F2,F3,Ride Cymbal Cup,,,same as StandardKit1
15,1,StandardKit1,127,0,1,yes,54,F♯2,F♯3,Tambourine,,,kit-specific
15,1,StandardKit2,127,0,2,yes,54,F♯2,F♯3,Tambourine,,,same as StandardKit1
15,1,HitKit,127,0,5,yes,54,F♯2,F♯3,Tambourine Light,,,kit-specific
15,1,RoomKit,127,0,9,yes,54,F♯2,F♯3,Tambourine,,,same as StandardKit1
15,1,RockKit(Legacy),127,0,17,yes,54,F♯2,F♯3,Tambourine,,,same as StandardKit1
15,1,StandardKit1,127,0,1,yes,55,G2,G3,Splash Cymbal,,,kit-specific
15,1,StandardKit2,127,0,2,yes,55,G2,G3,Splash Cymbal,,,same as StandardKit1
15,1,HitKit,127,0,5,yes,55,G2,G3,Splash Cymbal,,,same as StandardKit1
15,1,RoomKit,127,0,9,yes,55,G2,G3,Splash Cymbal,,,same as StandardKit1
15,1,RockKit(Legacy),127,0,17,yes,55,G2,G3,Splash Cymbal,,,same as StandardKit1
15,1,StandardKit1,127,0,1,yes,56,G♯2,G♯3,Cowbell,,,kit-specific
15,1,StandardKit2,127,0,2,yes,56,G♯2,G♯3,Cowbell,,,same as StandardKit1
15,1,HitKit,127,0,5,yes,56,G♯2,G♯3,Cowbell,,,same as StandardKit1
15,1,RoomKit,127,0,9,yes,56,G♯2,G♯3,Cowbell,,,same as StandardKit1
15,1,RockKit(Legacy),127,0,17,yes,56,G♯2,G♯3,Cowbell,,,same as StandardKit1
15,1,StandardKit1,127,0,1,yes,57,A2,A3,Crash Cymbal 2,,,kit-specific
15,1,StandardKit2,127,0,2,yes,57,A2,A3,Crash Cymbal 2,,,same as StandardKit1
15,1,HitKit,127,0,5,yes,57,A2,A3,Crash Cymbal 2,,,same as StandardKit1
15,1,RoomKit,127,0,9,yes,57,A2,A3,Crash Cymbal 2,,,same as StandardKit1
15,1,RockKit(Legacy),127,0,17,yes,57,A2,A3,Crash Cymbal 2,,,same as StandardKit1
15,1,StandardKit1,127,0,1,yes,58,A♯2,A♯3,Vibraslap,,,kit-specific
15,1,StandardKit2,127,0,2,yes,58,A♯2,A♯3,Vibraslap,,,same as StandardKit1
15,1,HitKit,127,0,5,yes,58,A♯2,A♯3,Vibraslap,,,same as StandardKit1
15,1,RoomKit,127,0,9,yes,58,A♯2,A♯3,Vibraslap,,,same as StandardKit1
15,1,RockKit(Legacy),127,0,17,yes,58,A♯2,A♯3,Vibraslap,,,same as StandardKit1
15,1,StandardKit1,127,0,1,yes,59,B2,B3,Ride Cymbal 2,,,kit-specific
15,1,StandardKit2,127,0,2,yes,59,B2,B3,Ride Cymbal 2,,,same as StandardKit1
15,1,HitKit,127,0,5,yes,59,B2,B3,Ride Cymbal 2,,,same as StandardKit1
15,1,RoomKit,127,0,9,yes,59,B2,B3,Ride Cymbal 2,,,same as StandardKit1
15,1,RockKit(Legacy),127,0,17,yes,59,B2,B3,Ride Cymbal 2,,,same as StandardKit1
15,1,StandardKit1,127,0,1,yes,60,C3,C4,Bongo H,,,kit-specific
15,1,StandardKit2,127,0,2,yes,60,C3,C4,Bongo H,,,same as StandardKit1
15,1,HitKit,127,0,5,yes,60,C3,C4,Bongo H,,,same as StandardKit1
15,1,RoomKit,127,0,9,yes,60,C3,C4,Bongo H,,,same as StandardKit1
15,1,RockKit(Legacy),127,0,17,yes,60,C3,C4,Bongo H,,,same as StandardKit1
15,1,StandardKit1,127,0,1,yes,61,C♯3,C♯4,Bongo L,,,kit-specific
15,1,StandardKit2,127,0,2,yes,61,C♯3,C♯4,Bongo L,,,same as StandardKit1
15,1,HitKit,127,0,5,yes,61,C♯3,C♯4,Bongo L,,,same as StandardKit1
15,1,RoomKit,127,0,9,yes,61,C♯3,C♯4,Bongo L,,,same as StandardKit1
15,1,RockKit(Legacy),127,0,17,yes,61,C♯3,C♯4,Bongo L,,,same as StandardKit1
15,1,StandardKit1,127,0,1,yes,62,D3,D4,Conga H Mute,,,kit-specific
15,1,StandardKit2,127,0,2,yes,62,D3,D4,Conga H Mute,,,same as StandardKit1
15,1,HitKit,127,0,5,yes,62,D3,D4,Conga H Mute,,,same as StandardKit1
15,1,RoomKit,127,0,9,yes,62,D3,D4,Conga H Mute,,,same as StandardKit1
15,1,RockKit(Legacy),127,0,17,yes,62,D3,D4,Conga H Mute,,,same as StandardKit1
15,1,StandardKit1,127,0,1,yes,63,D♯3,D♯4,Conga H Open,,,kit-specific
15,1,StandardKit2,127,0,2,yes,63,D♯3,D♯4,Conga H Open,,,same as StandardKit1
15,1,HitKit,127,0,5,yes,63,D♯3,D♯4,Conga H Open,,,same as StandardKit1
15,1,RoomKit,127,0,9,yes,63,D♯3,D♯4,Conga H Open,,,same as StandardKit1
15,1,RockKit(Legacy),127,0,17,yes,63,D♯3,D♯4,Conga H Open,,,same as StandardKit1
15,1,StandardKit1,127,0,1,yes,64,E3,E4,Conga L,,,kit-specific
15,1,StandardKit2,127,0,2,yes,64,E3,E4,Conga L,,,same as StandardKit1
15,1,HitKit,127,0,5,yes,64,E3,E4,Conga L,,,same as StandardKit1
15,1,RoomKit,127,0,9,yes,64,E3,E4,Conga L,,,same as StandardKit1
15,1,RockKit(Legacy),127,0,17,yes,64,E3,E4,Conga L,,,same as StandardKit1
15,1,StandardKit1,127,0,1,yes,65,F3,F4,Timbale H,,,kit-specific
15,1,StandardKit2,127,0,2,yes,65,F3,F4,Timbale H,,,same as StandardKit1
15,1,HitKit,127,0,5,yes,65,F3,F4,Timbale H,,,same as StandardKit1
15,1,RoomKit,127,0,9,yes,65,F3,F4,Timbale H,,,same as StandardKit1
15,1,RockKit(Legacy),127,0,17,yes,65,F3,F4,Timbale H,,,same as StandardKit1
15,1,StandardKit1,127,0,1,yes,66,F♯3,F♯4,Timbale L,,,kit-specific
15,1,StandardKit2,127,0,2,yes,66,F♯3,F♯4,Timbale L,,,same as StandardKit1
15,1,HitKit,127,0,5,yes,66,F♯3,F♯4,Timbale L,,,same as StandardKit1
15,1,RoomKit,127,0,9,yes,66,F♯3,F♯4,Timbale L,,,same as StandardKit1
15,1,RockKit(Legacy),127,0,17,yes,66,F♯3,F♯4,Timbale L,,,same as StandardKit1
15,1,StandardKit1,127,0,1,yes,67,G3,G4,Agogo H,,,kit-specific
15,1,StandardKit2,127,0,2,yes,67,G3,G4,Agogo H,,,same as StandardKit1
15,1,HitKit,127,0,5,yes,67,G3,G4,Agogo H,,,same as StandardKit1
15,1,RoomKit,127,0,9,yes,67,G3,G4,Agogo H,,,same as StandardKit1
15,1,RockKit(Legacy),127,0,17,yes,67,G3,G4,Agogo H,,,same as StandardKit1
15,1,StandardKit1,127,0,1,yes,68,G♯3,G♯4,Agogo L,,,kit-specific
15,1,StandardKit2,127,0,2,yes,68,G♯3,G♯4,Agogo L,,,same as StandardKit1
15,1,HitKit,127,0,5,yes,68,G♯3,G♯4,Agogo L,,,same as StandardKit1
15,1,RoomKit,127,0,9,yes,68,G♯3,G♯4,Agogo L,,,same as StandardKit1
15,1,RockKit(Legacy),127,0,17,yes,68,G♯3,G♯4,Agogo L,,,same as StandardKit1
15,1,StandardKit1,127,0,1,yes,69,A3,A4,Cabasa,,,kit-specific
15,1,StandardKit2,127,0,2,yes,69,A3,A4,Cabasa,,,same as StandardKit1
15,1,HitKit,127,0,5,yes,69,A3,A4,Cabasa,,,same as StandardKit1
15,1,RoomKit,127,0,9,yes,69,A3,A4,Cabasa,,,same as StandardKit1
15,1,RockKit(Legacy),127,0,17,yes,69,A3,A4,Cabasa,,,same as StandardKit1
15,1,StandardKit1,127,0,1,yes,70,A♯3,A♯4,Maracas,,,kit-specific
15,1,StandardKit2,127,0,2,yes,70,A♯3,A♯4,Maracas,,,same as StandardKit1
15,1,HitKit,127,0,5,yes,70,A♯3,A♯4,Maracas,,,same as StandardKit1
15,1,RoomKit,127,0,9,yes,70,A♯3,A♯4,Maracas,,,same as StandardKit1
15,1,RockKit(Legacy),127,0,17,yes,70,A♯3,A♯4,Maracas,,,same as StandardKit1
15,1,StandardKit1,127,0,1,yes,71,B3,B4,Samba Whistle H,,yes,kit-specific
15,1,StandardKit2,127,0,2,yes,71,B3,B4,Samba Whistle H,,yes,same as StandardKit1
15,1,HitKit,127,0,5,yes,71,B3,B4,Samba Whistle H,,yes,same as StandardKit1
15,1,RoomKit,127,0,9,yes,71,B3,B4,Samba Whistle H,,yes,same as StandardKit1
15,1,RockKit(Legacy),127,0,17,yes,71,B3,B4,Samba Whistle H,,yes,same as StandardKit1
15,1,StandardKit1,127,0,1,yes,72,C4,C5,Samba Whistle L,,yes,kit-specific
15,1,StandardKit2,127,0,2,yes,72,C4,C5,Samba Whistle L,,yes,same as StandardKit1
15,1,HitKit,127,0,5,yes,72,C4,C5,Samba Whistle L,,yes,same as StandardKit1
15,1,RoomKit,127,0,9,yes,72,C4,C5,Samba Whistle L,,yes,same as StandardKit1
15,1,RockKit(Legacy),127,0,17,yes,72,C4,C5,Samba Whistle L,,yes,same as StandardKit1
15,1,StandardKit1,127,0,1,yes,73,C♯4,C♯5,Guiro Short,,,kit-specific
15,1,StandardKit2,127,0,2,yes,73,C♯4,C♯5,Guiro Short,,,same as StandardKit1
15,1,HitKit,127,0,5,yes,73,C♯4,C♯5,Guiro Short,,,same as StandardKit1
15,1,RoomKit,127,0,9,yes,73,C♯4,C♯5,Guiro Short,,,same as StandardKit1
15,1,RockKit(Legacy),127,0,17,yes,73,C♯4,C♯5,Guiro Short,,,same as StandardKit1
15,1,StandardKit1,127,0,1,yes,74,D4,D5,Guiro Long,,yes,kit-specific
15,1,StandardKit2,127,0,2,yes,74,D4,D5,Guiro Long,,yes,same as StandardKit1
15,1,HitKit,127,0,5,yes,74,D4,D5,Guiro Long,,yes,same as StandardKit1
15,1,RoomKit,127,0,9,yes,74,D4,D5,Guiro Long,,yes,same as StandardKit1
15,1,RockKit(Legacy),127,0,17,yes,74,D4,D5,Guiro Long,,yes,same as StandardKit1
15,1,StandardKit1,127,0,1,yes,75,D♯4,D♯5,Claves,,,kit-specific
15,1,StandardKit2,127,0,2,yes,75,D♯4,D♯5,Claves,,,same as StandardKit1
15,1,HitKit,127,0,5,yes,75,D♯4,D♯5,Claves,,,same as StandardKit1
15,1,RoomKit,127,0,9,yes,75,D♯4,D♯5,Claves,,,same as StandardKit1
15,1,RockKit(Legacy),127,0,17,yes,75,D♯4,D♯5,Claves,,,same as StandardKit1
15,1,StandardKit1,127,0,1,yes,76,E4,E5,Wood Block H,,,kit-specific
15,1,StandardKit2,127,0,2,yes,76,E4,E5,Wood Block H,,,same as StandardKit1
15,1,HitKit,127,0,5,yes,76,E4,E5,Wood Block H,,,same as StandardKit1
15,1,RoomKit,127,0,9,yes,76,E4,E5,Wood Block H,,,same as StandardKit1
15,1,RockKit(Legacy),127,0,17,yes,76,E4,E5,Wood Block H,,,same as StandardKit1
15,1,StandardKit1,127,0,1,yes,77,F4,F5,Wood Block L,,,kit-specific
15,1,StandardKit2,127,0,2,yes,77,F4,F5,Wood Block L,,,same as StandardKit1
15,1,HitKit,127,0,5,yes,77,F4,F5,Wood Block L,,,same as StandardKit1
15,1,RoomKit,127,0,9,yes,77,F4,F5,Wood Block L,,,same as StandardKit1
15,1,RockKit(Legacy),127,0,17,yes,77,F4,F5,Wood Block L,,,same as StandardKit1
15,1,StandardKit1,127,0,1,yes,78,F♯4,F♯5,Cuica Mute,,,kit-specific
15,1,StandardKit2,127,0,2,yes,78,F♯4,F♯5,Cuica Mute,,,same as StandardKit1
15,1,HitKit,127,0,5,yes,78,F♯4,F♯5,Cuica Mute,,,same as StandardKit1
15,1,RoomKit,127,0,9,yes,78,F♯4,F♯5,Cuica Mute,,,same as StandardKit1
15,1,RockKit(Legacy),127,0,17,yes,78,F♯4,F♯5,Cuica Mute,,,same as StandardKit1
15,1,StandardKit1,127,0,1,yes,79,G4,G5,Cuica Open,,,kit-specific
15,1,StandardKit2,127,0,2,yes,79,G4,G5,Cuica Open,,,same as StandardKit1
15,1,HitKit,127,0,5,yes,79,G4,G5,Cuica Open,,,same as StandardKit1
15,1,RoomKit,127,0,9,yes,79,G4,G5,Cuica Open,,,same as StandardKit1
15,1,RockKit(Legacy),127,0,17,yes,79,G4,G5,Cuica Open,,,same as StandardKit1
15,1,StandardKit1,127,0,1,yes,80,G♯4,G♯5,Triangle Mute,2,,kit-specific
15,1,StandardKit2,127,0,2,yes,80,G♯4,G♯5,Triangle Mute,2,,same as StandardKit1
15,1,HitKit,127,0,5,yes,80,G♯4,G♯5,Triangle Mute,2,,same as StandardKit1
15,1,RoomKit,127,0,9,yes,80,G♯4,G♯5,Triangle Mute,2,,same as StandardKit1
15,1,RockKit(Legacy),127,0,17,yes,80,G♯4,G♯5,Triangle Mute,2,,same as StandardKit1
15,1,StandardKit1,127,0,1,yes,81,A4,A5,Triangle Open,2,,kit-specific
15,1,StandardKit2,127,0,2,yes,81,A4,A5,Triangle Open,2,,same as StandardKit1
15,1,HitKit,127,0,5,yes,81,A4,A5,Triangle Open,2,,same as StandardKit1
15,1,RoomKit,127,0,9,yes,81,A4,A5,Triangle Open,2,,same as StandardKit1
15,1,RockKit(Legacy),127,0,17,yes,81,A4,A5,Triangle Open,2,,same as StandardKit1
15,1,StandardKit1,127,0,1,yes,82,A♯4,A♯5,Shaker,,,kit-specific
15,1,StandardKit2,127,0,2,yes,82,A♯4,A♯5,Shaker,,,same as StandardKit1
15,1,HitKit,127,0,5,yes,82,A♯4,A♯5,Shaker,,,same as StandardKit1
15,1,RoomKit,127,0,9,yes,82,A♯4,A♯5,Shaker,,,same as StandardKit1
15,1,RockKit(Legacy),127,0,17,yes,82,A♯4,A♯5,Shaker,,,same as StandardKit1
15,1,StandardKit1,127,0,1,yes,83,B4,B5,Jingle Bells,,,kit-specific
15,1,StandardKit2,127,0,2,yes,83,B4,B5,Jingle Bells,,,same as StandardKit1
15,1,HitKit,127,0,5,yes,83,B4,B5,Jingle Bells,,,same as StandardKit1
15,1,RoomKit,127,0,9,yes,83,B4,B5,Jingle Bells,,,same as StandardKit1
15,1,RockKit(Legacy),127,0,17,yes,83,B4,B5,Jingle Bells,,,same as StandardKit1
15,1,StandardKit1,127,0,1,yes,84,C5,C6,Bell Tree,,,kit-specific
15,1,StandardKit2,127,0,2,yes,84,C5,C6,Bell Tree,,,same as StandardKit1
15,1,HitKit,127,0,5,yes,84,C5,C6,Bell Tree,,,same as StandardKit1
15,1,RoomKit,127,0,9,yes,84,C5,C6,Bell Tree,,,same as StandardKit1
15,1,RockKit(Legacy),127,0,17,yes,84,C5,C6,Bell Tree,,,same as StandardKit1
16,1,ElectroKit,127,0,25,,13,C♯-1,C♯0,Surdo Mute,3,,same as StandardKit1
16,1,AnalogKit,127,0,26,,13,C♯-1,C♯0,Surdo Mute,3,,same as StandardKit1
16,1,DanceKit,127,0,28,,13,C♯-1,C♯0,Kick Dance 1,,,kit-specific
16,1,JazzKit,127,0,33,yes,13,C♯-1,C♯0,Surdo Mute,3,,same as StandardKit1
16,1,BrushKit,127,0,41,yes,13,C♯-1,C♯0,Surdo Mute,3,,same as StandardKit1
16,1,ElectroKit,127,0,25,,14,D-1,D0,Surdo Open,3,,same as StandardKit1
16,1,AnalogKit,127,0,26,,14,D-1,D0,Surdo Open,3,,same as StandardKit1
16,1,DanceKit,127,0,28,,14,D-1,D0,Kick Dance 2,,,kit-specific
16,1,JazzKit,127,0,33,yes,14,D-1,D0,Surdo Open,3,,same as StandardKit1
16,1,BrushKit,127,0,41,yes,14,D-1,D0,Surdo Open,3,,same as StandardKit1
16,1,ElectroKit,127,0,25,,15,D♯-1,D♯0,Hi Q,,,same as StandardKit1
16,1,AnalogKit,127,0,26,,15,D♯-1,D♯0,Hi Q,,,same as StandardKit1
16,1,DanceKit,127,0,28,,15,D♯-1,D♯0,Hi Q,,,same as StandardKit1
16,1,JazzKit,127,0,33,yes,15,D♯-1,D♯0,Hi Q,,,same as StandardKit1
16,1,BrushKit,127,0,41,yes,15,D♯-1,D♯0,Hi Q,,,same as StandardKit1
16,1,ElectroKit,127,0,25,,16,E-1,E0,Whip Slap,,,same as StandardKit1
16,1,AnalogKit,127,0,26,,16,E-1,E0,Whip Slap,,,same as StandardKit1
16,1,DanceKit,127,0,28,,16,E-1,E0,Whip Slap,,yes,same as StandardKit1
16,1,JazzKit,127,0,33,yes,16,E-1,E0,Whip Slap,,,same as StandardKit1
16,1,BrushKit,127,0,41,yes,16,E-1,E0,Whip Slap,,,same as StandardKit1
16,1,ElectroKit,127,0,25,,17,F-1,F0,Scratch H,4,,same as StandardKit1
16,1,AnalogKit,127,0,26,,17,F-1,F0,Scratch H,4,,same as StandardKit1
16,1,DanceKit,127,0,28,,17,F-1,F0,Scratch Dance 1,,yes,kit-specific
16,1,JazzKit,127,0,33,yes,17,F-1,F0,Scratch H,4,,same as StandardKit1
16,1,BrushKit,127,0,41,yes,17,F-1,F0,Scratch H,4,,same as StandardKit1
16,1,ElectroKit,127,0,25,,18,F♯-1,F♯0,Scratch L,4,,same as StandardKit1
16,1,AnalogKit,127,0,26,,18,F♯-1,F♯0,Scratch L,4,,same as StandardKit1
16,1,DanceKit,127,0,28,,18,F♯-1,F♯0,Scratch Dance 2,,yes,kit-specific
16,1,JazzKit,127,0,33,yes,18,F♯-1,F♯0,Scratch L,4,,same as StandardKit1
16,1,BrushKit,127,0,41,yes,18,F♯-1,F♯0,Scratch L,4,,same as StandardKit1
16,1,ElectroKit,127,0,25,,19,G-1,G0,Finger Snap,,,same as StandardKit1
16,1,AnalogKit,127,0,26,,19,G-1,G0,Finger Snap,,,same as StandardKit1
16,1,DanceKit,127,0,28,,19,G-1,G0,Finger Snap,,,same as StandardKit1
16,1,JazzKit,127,0,33,yes,19,G-1,G0,Finger Snap,,,same as StandardKit1
16,1,BrushKit,127,0,41,yes,19,G-1,G0,Finger Snap,,,same as StandardKit1
16,1,ElectroKit,127,0,25,,20,G♯-1,G♯0,Click Noise,,,same as StandardKit1
16,1,AnalogKit,127,0,26,,20,G♯-1,G♯0,Click Noise,,,same as StandardKit1
16,1,DanceKit,127,0,28,,20,G♯-1,G♯0,Click Noise,,,same as StandardKit1
16,1,JazzKit,127,0,33,yes,20,G♯-1,G♯0,Click Noise,,,same as StandardKit1
16,1,BrushKit,127,0,41,yes,20,G♯-1,G♯0,Click Noise,,,same as StandardKit1
16,1,ElectroKit,127,0,25,,21,A-1,A0,Metronome Click,,,same as StandardKit1
16,1,AnalogKit,127,0,26,,21,A-1,A0,Metronome Click,,,same as StandardKit1
16,1,DanceKit,127,0,28,,21,A-1,A0,Dance Perc 1,,,kit-specific
16,1,JazzKit,127,0,33,yes,21,A-1,A0,Metronome Click,,,same as StandardKit1
16,1,BrushKit,127,0,41,yes,21,A-1,A0,Metronome Click,,,same as StandardKit1
16,1,ElectroKit,127,0,25,,22,A♯-1,A♯0,Metronome Bell,,,same as StandardKit1
16,1,AnalogKit,127,0,26,,22,A♯-1,A♯0,Metronome Bell,,,same as StandardKit1
16,1,DanceKit,127,0,28,,22,A♯-1,A♯0,Reverse Dance 1,,,kit-specific
16,1,JazzKit,127,0,33,yes,22,A♯-1,A♯0,Metronome Bell,,,same as StandardKit1
16,1,BrushKit,127,0,41,yes,22,A♯-1,A♯0,Metronome Bell,,,same as StandardKit1
16,1,ElectroKit,127,0,25,,23,B-1,B0,Seq Click L,,,same as StandardKit1
16,1,AnalogKit,127,0,26,,23,B-1,B0,Seq Click L,,,same as StandardKit1
16,1,DanceKit,127,0,28,,23,B-1,B0,Dance Perc 2,,,kit-specific
16,1,JazzKit,127,0,33,yes,23,B-1,B0,Seq Click L,,,same as StandardKit1
16,1,BrushKit,127,0,41,yes,23,B-1,B0,Seq Click L,,,same as StandardKit1
16,1,ElectroKit,127,0,25,,24,C0,C1,Seq Click H,,,same as StandardKit1
16,1,AnalogKit,127,0,26,,24,C0,C1,Seq Click H,,,same as StandardKit1
16,1,DanceKit,127,0,28,,24,C0,C1,Hi Q Dance 1,,,kit-specific
16,1,JazzKit,127,0,33,yes,24,C0,C1,Seq Click H,,,same as StandardKit1
16,1,BrushKit,127,0,41,yes,24,C0,C1,Seq Click H,,,same as StandardKit1
16,1,ElectroKit,127,0,25,,25,C♯0,C♯1,Brush Tap,,,same as StandardKit1
16,1,AnalogKit,127,0,26,,25,C♯0,C♯1,Brush Tap,,,same as StandardKit1
16,1,DanceKit,127,0,28,,25,C♯0,C♯1,Snare Analog 3,,,kit-specific
16,1,JazzKit,127,0,33,yes,25,C♯0,C♯1,Brush Tap,,,same as StandardKit1
16,1,BrushKit,127,0,41,yes,25,C♯0,C♯1,Brush Tap,,,same as StandardKit1
16,1,ElectroKit,127,0,25,,26,D0,D1,Brush Swirl,,yes,same as StandardKit1
16,1,AnalogKit,127,0,26,,26,D0,D1,Brush Swirl,,yes,same as StandardKit1
16,1,DanceKit,127,0,28,,26,D0,D1,Vinyl Noise,,yes,kit-specific
16,1,JazzKit,127,0,33,yes,26,D0,D1,Brush Swirl,,yes,same as StandardKit1
16,1,BrushKit,127,0,41,yes,26,D0,D1,Brush Swirl,,yes,same as StandardKit1
16,1,ElectroKit,127,0,25,,27,D♯0,D♯1,Brush Slap,,,same as StandardKit1
16,1,AnalogKit,127,0,26,,27,D♯0,D♯1,Brush Slap,,,same as StandardKit1
16,1,DanceKit,127,0,28,,27,D♯0,D♯1,Snare Analog 4,,,kit-specific
16,1,JazzKit,127,0,33,yes,27,D♯0,D♯1,Brush Slap,,,same as StandardKit1
16,1,BrushKit,127,0,41,yes,27,D♯0,D♯1,Brush Slap,,,same as StandardKit1
16,1,ElectroKit,127,0,25,,28,E0,E1,Reverse Cymbal,,yes,kit-specific
16,1,AnalogKit,127,0,26,,28,E0,E1,Reverse Cymbal,,yes,kit-specific
16,1,DanceKit,127,0,28,,28,E0,E1,Reverse Cymbal,,yes,kit-specific
16,1,JazzKit,127,0,33,yes,28,E0,E1,Brush Tap Swirl,,yes,same as StandardKit1
16,1,BrushKit,127,0,41,yes,28,E0,E1,Brush Tap Swirl,,yes,same as StandardKit1
16,1,ElectroKit,127,0,25,,29,F0,F1,Snare Roll,,yes,same as StandardKit1
16,1,AnalogKit,127,0,26,,29,F0,F1,Snare Roll,,yes,same as StandardKit1
16,1,DanceKit,127,0,28,,29,F0,F1,Reverse Dance 2,,yes,kit-specific
16,1,JazzKit,127,0,33,yes,29,F0,F1,Snare Roll,,yes,same as StandardKit1
16,1,BrushKit,127,0,41,yes,29,F0,F1,Snare Roll,,yes,same as StandardKit1
16,1,ElectroKit,127,0,25,,30,F♯0,F♯1,Hi Q 2,,,kit-specific
16,1,AnalogKit,127,0,26,,30,F♯0,F♯1,Hi Q 2,,,kit-specific
16,1,DanceKit,127,0,28,,30,F♯0,F♯1,Hi Q 2,,,kit-specific
16,1,JazzKit,127,0,33,yes,30,F♯0,F♯1,Castanet,,,same as StandardKit1
16,1,BrushKit,127,0,41,yes,30,F♯0,F♯1,Castanet,,,same as StandardKit1
16,1,ElectroKit,127,0,25,,31,G0,G1,Snare Snappy Electro,,,kit-specific
16,1,AnalogKit,127,0,26,,31,G0,G1,Snare Noisy 4,,,kit-specific
16,1,DanceKit,127,0,28,,31,G0,G1,Snare Techno,,,kit-specific
16,1,JazzKit,127,0,33,yes,31,G0,G1,Snare Jazz H,,,kit-specific
16,1,BrushKit,127,0,41,yes,31,G0,G1,Brush Slap 2,,,kit-specific
16,1,ElectroKit,127,0,25,,32,G♯0,G♯1,Sticks,,,same as StandardKit1
16,1,AnalogKit,127,0,26,,32,G♯0,G♯1,Sticks,,,same as StandardKit1
16,1,DanceKit,127,0,28,,32,G♯0,G♯1,Snare Dance 1,,,kit-specific
16,1,JazzKit,127,0,33,yes,32,G♯0,G♯1,Sticks,,,same as StandardKit1
16,1,BrushKit,127,0,41,yes,32,G♯0,G♯1,Sticks,,,same as StandardKit1
16,1,ElectroKit,127,0,25,,33,A0,A1,Kick 3,,,kit-specific
16,1,AnalogKit,127,0,26,,33,A0,A1,Kick 3,,,kit-specific
16,1,DanceKit,127,0,28,,33,A0,A1,Kick Techno Q,,,kit-specific
16,1,JazzKit,127,0,33,yes,33,A0,A1,Kick Soft,,,same as StandardKit1
16,1,BrushKit,127,0,41,yes,33,A0,A1,Kick Soft,,,same as StandardKit1
16,1,ElectroKit,127,0,25,,34,A♯0,A♯1,Open Rim Shot,,,same as StandardKit1
16,1,AnalogKit,127,0,26,,34,A♯0,A♯1,Open Rim Shot,,,same as StandardKit1
16,1,DanceKit,127,0,28,,34,A♯0,A♯1,Rim Gate,,,kit-specific
16,1,JazzKit,127,0,33,yes,34,A♯0,A♯1,Open Rim Shot,,,same as StandardKit1
16,1,BrushKit,127,0,41,yes,34,A♯0,A♯1,Open Rim Shot,,,same as StandardKit1
16,1,ElectroKit,127,0,25,,35,B0,B1,Kick Gate,,,kit-specific
16,1,AnalogKit,127,0,26,,35,B0,B1,Kick Analog Short,,,kit-specific
16,1,DanceKit,127,0,28,,35,B0,B1,Kick Techno L,,,kit-specific
16,1,JazzKit,127,0,33,yes,35,B0,B1,Kick Tight,,,same as StandardKit1
16,1,BrushKit,127,0,41,yes,35,B0,B1,Kick Tight,,,same as StandardKit1
16,1,ElectroKit,127,0,25,,36,C1,C2,Kick Gate Heavy,,,kit-specific
16,1,AnalogKit,127,0,26,,36,C1,C2,Kick Analog,,,kit-specific
16,1,DanceKit,127,0,28,,36,C1,C2,Kick Techno,,,kit-specific
16,1,JazzKit,127,0,33,yes,36,C1,C2,Kick Jazz,,,kit-specific
16,1,BrushKit,127,0,41,yes,36,C1,C2,Kick Jazz,,,kit-specific
16,1,ElectroKit,127,0,25,,37,C♯1,C♯2,Side Stick,,,same as StandardKit1
16,1,AnalogKit,127,0,26,,37,C♯1,C♯2,Side Stick Analog,,,kit-specific
16,1,DanceKit,127,0,28,,37,C♯1,C♯2,Side Stick Analog,,,kit-specific
16,1,JazzKit,127,0,33,yes,37,C♯1,C♯2,Side Stick Light,,,kit-specific
16,1,BrushKit,127,0,41,yes,37,C♯1,C♯2,Side Stick Light,,,kit-specific
16,1,ElectroKit,127,0,25,,38,D1,D2,Snare Noisy 2,,,kit-specific
16,1,AnalogKit,127,0,26,,38,D1,D2,Snare Analog,,,kit-specific
16,1,DanceKit,127,0,28,,38,D1,D2,Snare Clap,,,kit-specific
16,1,JazzKit,127,0,33,yes,38,D1,D2,Snare Jazz L,,,kit-specific
16,1,BrushKit,127,0,41,yes,38,D1,D2,Brush Slap 3,,,kit-specific
16,1,ElectroKit,127,0,25,,39,D♯1,D♯2,Hand Clap,,,same as StandardKit1
16,1,AnalogKit,127,0,26,,39,D♯1,D♯2,Hand Clap,,,same as StandardKit1
16,1,DanceKit,127,0,28,,39,D♯1,D♯2,Dance Clap,,,kit-specific
16,1,JazzKit,127,0,33,yes,39,D♯1,D♯2,Hand Clap,,,same as StandardKit1
16,1,BrushKit,127,0,41,yes,39,D♯1,D♯2,Hand Clap,,,same as StandardKit1
16,1,ElectroKit,127,0,25,,40,E1,E2,Snare Noisy 3,,,kit-specific
16,1,AnalogKit,127,0,26,,40,E1,E2,Snare Analog 2,,,kit-specific
16,1,DanceKit,127,0,28,,40,E1,E2,Snare Dry,,,kit-specific
16,1,JazzKit,127,0,33,yes,40,E1,E2,Snare Jazz M,,,kit-specific
16,1,BrushKit,127,0,41,yes,40,E1,E2,Brush Tap 2,,,kit-specific
16,1,ElectroKit,127,0,25,,41,F1,F2,Tom Electro 1,,,kit-specific
16,1,AnalogKit,127,0,26,,41,F1,F2,Tom Analog 1,,,kit-specific
16,1,DanceKit,127,0,28,,41,F1,F2,Tom Dance 1,,,kit-specific
16,1,JazzKit,127,0,33,yes,41,F1,F2,Floor Tom L,,,same as StandardKit1
16,1,BrushKit,127,0,41,yes,41,F1,F2,Tom Brush 1,,,kit-specific
16,1,ElectroKit,127,0,25,,42,F♯1,F♯2,Hi-Hat Closed,1,,same as StandardKit1
16,1,AnalogKit,127,0,26,,42,F♯1,F♯2,Hi-Hat Closed Analog,1,,kit-specific
16,1,DanceKit,127,0,28,,42,F♯1,F♯2,Hi-Hat Closed 3,1,,kit-specific
16,1,JazzKit,127,0,33,yes,42,F♯1,F♯2,Hi-Hat Closed,1,,same as StandardKit1
16,1,BrushKit,127,0,41,yes,42,F♯1,F♯2,Hi-Hat Closed,1,,same as StandardKit1
16,1,ElectroKit,127,0,25,,43,G1,G2,Tom Electro 2,,,kit-specific
16,1,AnalogKit,127,0,26,,43,G1,G2,Tom Analog 2,,,kit-specific
16,1,DanceKit,127,0,28,,43,G1,G2,Tom Dance 2,,,kit-specific
16,1,JazzKit,127,0,33,yes,43,G1,G2,Floor Tom H,,,same as StandardKit1
16,1,BrushKit,127,0,41,yes,43,G1,G2,Tom Brush 2,,,kit-specific
16,1,ElectroKit,127,0,25,,44,G♯1,G♯2,Hi-Hat Pedal,1,,same as StandardKit1
16,1,AnalogKit,127,0,26,,44,G♯1,G♯2,Hi-Hat Closed Analog 2,1,,kit-specific
16,1,DanceKit,127,0,28,,44,G♯1,G♯2,Hi-Hat Closed Analog 3,1,,kit-specific
16,1,JazzKit,127,0,33,yes,44,G♯1,G♯2,Hi-Hat Pedal,1,,same as StandardKit1
16,1,BrushKit,127,0,41,yes,44,G♯1,G♯2,Hi-Hat Pedal,1,,same as StandardKit1
16,1,ElectroKit,127,0,25,,45,A1,A2,Tom Electro 3,,,kit-specific
16,1,AnalogKit,127,0,26,,45,A1,A2,Tom Analog 3,,,kit-specific
16,1,DanceKit,127,0,28,,45,A1,A2,Tom Dance 3,,,kit-specific
16,1,JazzKit,127,0,33,yes,45,A1,A2,Low Tom,,,same as StandardKit1
16,1,BrushKit,127,0,41,yes,45,A1,A2,Tom Brush 3,,,kit-specific
16,1,ElectroKit,127,0,25,,46,A♯1,A♯2,Hi-Hat Open,1,,same as StandardKit1
16,1,AnalogKit,127,0,26,,46,A♯1,A♯2,Hi-Hat Open Analog,1,,kit-specific
16,1,DanceKit,127,0,28,,46,A♯1,A♯2,Hi-Hat Open 3,1,,kit-specific
16,1,JazzKit,127,0,33,yes,46,A♯1,A♯2,Hi-Hat Open,1,,same as StandardKit1
16,1,BrushKit,127,0,41,yes,46,A♯1,A♯2,Hi-Hat Open,1,,same as StandardKit1
16,1,ElectroKit,127,0,25,,47,B1,B2,Tom Electro 4,,,kit-specific
16,1,AnalogKit,127,0,26,,47,B1,B2,Tom Analog 4,,,kit-specific
16,1,DanceKit,127,0,28,,47,B1,B2,Tom Dance 4,,,kit-specific
16,1,JazzKit,127,0,33,yes,47,B1,B2,Mid Tom L,,,same as StandardKit1
16,1,BrushKit,127,0,41,yes,47,B1,B2,Tom Brush 4,,,kit-specific
16,1,ElectroKit,127,0,25,,48,C2,C3,Tom Electro 5,,,kit-specific
16,1,AnalogKit,127,0,26,,48,C2,C3,Tom Analog 5,,,kit-specific
16,1,DanceKit,127,0,28,,48,C2,C3,Tom Dance 5,,,kit-specific
16,1,JazzKit,127,0,33,yes,48,C2,C3,Mid Tom H,,,same as StandardKit1
16,1,BrushKit,127,0,41,yes,48,C2,C3,Tom Brush 5,,,kit-specific
16,1,ElectroKit,127,0,25,,49,C♯2,C♯3,Crash Cymbal 1,,,same as StandardKit1
16,1,AnalogKit,127,0,26,,49,C♯2,C♯3,Crash Analog,,,kit-specific
16,1,DanceKit,127,0,28,,49,C♯2,C♯3,Crash Analog,,,kit-specific
16,1,JazzKit,127,0,33,yes,49,C♯2,C♯3,Crash Cymbal 1,,,same as StandardKit1
16,1,BrushKit,127,0,41,yes,49,C♯2,C♯3,Crash Cymbal 1,,,same as StandardKit1
16,1,ElectroKit,127,0,25,,50,D2,D3,Tom Electro 6,,,kit-specific
16,1,AnalogKit,127,0,26,,50,D2,D3,Tom Analog 6,,,kit-specific
16,1,DanceKit,127,0,28,,50,D2,D3,Tom Dance 6,,,kit-specific
16,1,JazzKit,127,0,33,yes,50,D2,D3,High Tom,,,same as StandardKit1
16,1,BrushKit,127,0,41,yes,50,D2,D3,Tom Brush 6,,,kit-specific
16,1,ElectroKit,127,0,25,,51,D♯2,D♯3,Ride Cymbal 1,,,same as StandardKit1
16,1,AnalogKit,127,0,26,,51,D♯2,D♯3,Ride Cymbal 1,,,same as StandardKit1
16,1,DanceKit,127,0,28,,51,D♯2,D♯3,Ride Cymbal 1,,,same as StandardKit1
16,1,JazzKit,127,0,33,yes,51,D♯2,D♯3,Ride Cymbal 1,,,same as StandardKit1
16,1,BrushKit,127,0,41,yes,51,D♯2,D♯3,Ride Cymbal 1,,,same as StandardKit1
16,1,ElectroKit,127,0,25,,52,E2,E3,Chinese Cymbal,,,same as StandardKit1
16,1,AnalogKit,127,0,26,,52,E2,E3,Chinese Cymbal,,,same as StandardKit1
16,1,DanceKit,127,0,28,,52,E2,E3,Chinese Cymbal,,,same as StandardKit1
16,1,JazzKit,127,0,33,yes,52,E2,E3,Chinese Cymbal,,,same as StandardKit1
16,1,BrushKit,127,0,41,yes,52,E2,E3,Chinese Cymbal,,,same as StandardKit1
16,1,ElectroKit,127,0,25,,53,F2,F3,Ride Cymbal Cup,,,same as StandardKit1
16,1,AnalogKit,127,0,26,,53,F2,F3,Ride Cymbal Cup,,,same as StandardKit1
16,1,DanceKit,127,0,28,,53,F2,F3,Ride Cymbal Cup,,,same as StandardKit1
16,1,JazzKit,127,0,33,yes,53,F2,F3,Ride Cymbal Cup,,,same as StandardKit1
16,1,BrushKit,127,0,41,yes,53,F2,F3,Ride Cymbal Cup,,,same as StandardKit1
16,1,ElectroKit,127,0,25,,54,F♯2,F♯3,Tambourine,,,same as StandardKit1
16,1,AnalogKit,127,0,26,,54,F♯2,F♯3,Tambourine,,,same as StandardKit1
16,1,DanceKit,127,0,28,,54,F♯2,F♯3,Tambourine Analog,,,kit-specific
16,1,JazzKit,127,0,33,yes,54,F♯2,F♯3,Tambourine,,,same as StandardKit1
16,1,BrushKit,127,0,41,yes,54,F♯2,F♯3,Tambourine,,,same as StandardKit1
16,1,ElectroKit,127,0,25,,55,G2,G3,Splash Cymbal,,,same as StandardKit1
16,1,AnalogKit,127,0,26,,55,G2,G3,Splash Cymbal,,,same as StandardKit1
16,1,DanceKit,127,0,28,,55,G2,G3,Splash Cymbal,,,same as StandardKit1
16,1,JazzKit,127,0,33,yes,55,G2,G3,Splash Cymbal,,,same as StandardKit1
16,1,BrushKit,127,0,41,yes,55,G2,G3,Splash Cymbal,,,same as StandardKit1
16,1,ElectroKit,127,0,25,,56,G♯2,G♯3,Cowbell,,,same as StandardKit1
16,1,AnalogKit,127,0,26,,56,G♯2,G♯3,Cowbell Analog,,,kit-specific
16,1,DanceKit,127,0,28,,56,G♯2,G♯3,Cowbell Dance,,,kit-specific
16,1,JazzKit,127,0,33,yes,56,G♯2,G♯3,Cowbell,,,same as StandardKit1
16,1,BrushKit,127,0,41,yes,56,G♯2,G♯3,Cowbell,,,same as StandardKit1
16,1,ElectroKit,127,0,25,,57,A2,A3,Crash Cymbal 2,,,same as StandardKit1
16,1,AnalogKit,127,0,26,,57,A2,A3,Crash Cymbal 2,,,same as StandardKit1
16,1,DanceKit,127,0,28,,57,A2,A3,Crash Cymbal 2,,,same as StandardKit1
16,1,JazzKit,127,0,33,yes,57,A2,A3,Crash Cymbal 2,,,same as StandardKit1
16,1,BrushKit,127,0,41,yes,57,A2,A3,Crash Cymbal 2,,,same as StandardKit1
16,1,ElectroKit,127,0,25,,58,A♯2,A♯3,Vibraslap,,,same as StandardKit1
16,1,AnalogKit,127,0,26,,58,A♯2,A♯3,Vibraslap,,,same as StandardKit1
16,1,DanceKit,127,0,28,,58,A♯2,A♯3,Vibraslap Analog,,,kit-specific
16,1,JazzKit,127,0,33,yes,58,A♯2,A♯3,Vibraslap,,,same as StandardKit1
16,1,BrushKit,127,0,41,yes,58,A♯2,A♯3,Vibraslap,,,same as StandardKit1
16,1,ElectroKit,127,0,25,,59,B2,B3,Ride Cymbal 2,,,same as StandardKit1
16,1,AnalogKit,127,0,26,,59,B2,B3,Ride Cymbal 2,,,same as StandardKit1
16,1,DanceKit,127,0,28,,59,B2,B3,Ride Analog,,,kit-specific
16,1,JazzKit,127,0,33,yes,59,B2,B3,Ride Cymbal 2,,,same as StandardKit1
16,1,BrushKit,127,0,41,yes,59,B2,B3,Ride Cymbal 2,,,same as StandardKit1
16,1,ElectroKit,127,0,25,,60,C3,C4,Bongo H,,,same as StandardKit1
16,1,AnalogKit,127,0,26,,60,C3,C4,Bongo H,,,same as StandardKit1
16,1,DanceKit,127,0,28,,60,C3,C4,Bongo Analog H,,,kit-specific
16,1,JazzKit,127,0,33,yes,60,C3,C4,Bongo H,,,same as StandardKit1
16,1,BrushKit,127,0,41,yes,60,C3,C4,Bongo H,,,same as StandardKit1
16,1,ElectroKit,127,0,25,,61,C♯3,C♯4,Bongo L,,,same as StandardKit1
16,1,AnalogKit,127,0,26,,61,C♯3,C♯4,Bongo L,,,same as StandardKit1
16,1,DanceKit,127,0,28,,61,C♯3,C♯4,Bongo Analog L,,,kit-specific
16,1,JazzKit,127,0,33,yes,61,C♯3,C♯4,Bongo L,,,same as StandardKit1
16,1,BrushKit,127,0,41,yes,61,C♯3,C♯4,Bongo L,,,same as StandardKit1
16,1,ElectroKit,127,0,25,,62,D3,D4,Conga H Mute,,,same as StandardKit1
16,1,AnalogKit,127,0,26,,62,D3,D4,Conga Analog H,,,kit-specific
16,1,DanceKit,127,0,28,,62,D3,D4,Conga Analog H,,,kit-specific
16,1,JazzKit,127,0,33,yes,62,D3,D4,Conga H Mute,,,same as StandardKit1
16,1,BrushKit,127,0,41,yes,62,D3,D4,Conga H Mute,,,same as StandardKit1
16,1,ElectroKit,127,0,25,,63,D♯3,D♯4,Conga H Open,,,same as StandardKit1
16,1,AnalogKit,127,0,26,,63,D♯3,D♯4,Conga Analog M,,,kit-specific
16,1,DanceKit,127,0,28,,63,D♯3,D♯4,Conga Analog M,,,kit-specific
16,1,JazzKit,127,0,33,yes,63,D♯3,D♯4,Conga H Open,,,same as StandardKit1
16,1,BrushKit,127,0,41,yes,63,D♯3,D♯4,Conga H Open,,,same as StandardKit1
16,1,ElectroKit,127,0,25,,64,E3,E4,Conga L,,,same as StandardKit1
16,1,AnalogKit,127,0,26,,64,E3,E4,Conga Analog L,,,kit-specific
16,1,DanceKit,127,0,28,,64,E3,E4,Conga Analog L,,,kit-specific
16,1,JazzKit,127,0,33,yes,64,E3,E4,Conga L,,,same as StandardKit1
16,1,BrushKit,127,0,41,yes,64,E3,E4,Conga L,,,same as StandardKit1
16,1,ElectroKit,127,0,25,,65,F3,F4,Timbale H,,,same as StandardKit1
16,1,AnalogKit,127,0,26,,65,F3,F4,Timbale H,,,same as StandardKit1
16,1,DanceKit,127,0,28,,65,F3,F4,Timbale H,,,same as StandardKit1
16,1,JazzKit,127,0,33,yes,65,F3,F4,Timbale H,,,same as StandardKit1
16,1,BrushKit,127,0,41,yes,65,F3,F4,Timbale H,,,same as StandardKit1
16,1,ElectroKit,127,0,25,,66,F♯3,F♯4,Timbale L,,,same as StandardKit1
16,1,AnalogKit,127,0,26,,66,F♯3,F♯4,Timbale L,,,same as StandardKit1
16,1,DanceKit,127,0,28,,66,F♯3,F♯4,Timbale L,,,same as StandardKit1
16,1,JazzKit,127,0,33,yes,66,F♯3,F♯4,Timbale L,,,same as StandardKit1
16,1,BrushKit,127,0,41,yes,66,F♯3,F♯4,Timbale L,,,same as StandardKit1
16,1,ElectroKit,127,0,25,,67,G3,G4,Agogo H,,,same as StandardKit1
16,1,AnalogKit,127,0,26,,67,G3,G4,Agogo H,,,same as StandardKit1
16,1,DanceKit,127,0,28,,67,G3,G4,Agogo H,,,same as StandardKit1
16,1,JazzKit,127,0,33,yes,67,G3,G4,Agogo H,,,same as StandardKit1
16,1,BrushKit,127,0,41,yes,67,G3,G4,Agogo H,,,same as StandardKit1
16,1,ElectroKit,127,0,25,,68,G♯3,G♯4,Agogo L,,,same as StandardKit1
16,1,AnalogKit,127,0,26,,68,G♯3,G♯4,Agogo L,,,same as StandardKit1
16,1,DanceKit,127,0,28,,68,G♯3,G♯4,Agogo L,,,same as StandardKit1
16,1,JazzKit,127,0,33,yes,68,G♯3,G♯4,Agogo L,,,same as StandardKit1
16,1,BrushKit,127,0,41,yes,68,G♯3,G♯4,Agogo L,,,same as StandardKit1
16,1,ElectroKit,127,0,25,,69,A3,A4,Cabasa,,,same as StandardKit1
16,1,AnalogKit,127,0,26,,69,A3,A4,Cabasa,,,same as StandardKit1
16,1,DanceKit,127,0,28,,69,A3,A4,Cabasa,,,same as StandardKit1
16,1,JazzKit,127,0,33,yes,69,A3,A4,Cabasa,,,same as StandardKit1
16,1,BrushKit,127,0,41,yes,69,A3,A4,Cabasa,,,same as StandardKit1
16,1,ElectroKit,127,0,25,,70,A♯3,A♯4,Maracas,,,same as StandardKit1
16,1,AnalogKit,127,0,26,,70,A♯3,A♯4,Maracas 2,,,kit-specific
16,1,DanceKit,127,0,28,,70,A♯3,A♯4,Maracas 2,,,kit-specific
16,1,JazzKit,127,0,33,yes,70,A♯3,A♯4,Maracas,,,same as StandardKit1
16,1,BrushKit,127,0,41,yes,70,A♯3,A♯4,Maracas,,,same as StandardKit1
16,1,ElectroKit,127,0,25,,71,B3,B4,Samba Whistle H,,yes,same as StandardKit1
16,1,AnalogKit,127,0,26,,71,B3,B4,Samba Whistle H,,yes,same as StandardKit1
16,1,DanceKit,127,0,28,,71,B3,B4,Samba Whistle H,,yes,same as StandardKit1
16,1,JazzKit,127,0,33,yes,71,B3,B4,Samba Whistle H,,yes,same as StandardKit1
16,1,BrushKit,127,0,41,yes,71,B3,B4,Samba Whistle H,,yes,same as StandardKit1
16,1,ElectroKit,127,0,25,,72,C4,C5,Samba Whistle L,,yes,same as StandardKit1
16,1,AnalogKit,127,0,26,,72,C4,C5,Samba Whistle L,,yes,same as StandardKit1
16,1,DanceKit,127,0,28,,72,C4,C5,Samba Whistle L,,yes,same as StandardKit1
16,1,JazzKit,127,0,33,yes,72,C4,C5,Samba Whistle L,,yes,same as StandardKit1
16,1,BrushKit,127,0,41,yes,72,C4,C5,Samba Whistle L,,yes,same as StandardKit1
16,1,ElectroKit,127,0,25,,73,C♯4,C♯5,Guiro Short,,,same as StandardKit1
16,1,AnalogKit,127,0,26,,73,C♯4,C♯5,Guiro Short,,,same as StandardKit1
16,1,DanceKit,127,0,28,,73,C♯4,C♯5,Guiro Short,,,same as StandardKit1
16,1,JazzKit,127,0,33,yes,73,C♯4,C♯5,Guiro Short,,,same as StandardKit1
16,1,BrushKit,127,0,41,yes,73,C♯4,C♯5,Guiro Short,,,same as StandardKit1
16,1,ElectroKit,127,0,25,,74,D4,D5,Guiro Long,,yes,same as StandardKit1
16,1,AnalogKit,127,0,26,,74,D4,D5,Guiro Long,,yes,same as StandardKit1
16,1,DanceKit,127,0,28,,74,D4,D5,Guiro Long,,yes,same as StandardKit1
16,1,JazzKit,127,0,33,yes,74,D4,D5,Guiro Long,,yes,same as StandardKit1
16,1,BrushKit,127,0,41,yes,74,D4,D5,Guiro Long,,yes,same as StandardKit1
16,1,ElectroKit,127,0,25,,75,D♯4,D♯5,Claves,,,same as StandardKit1
16,1,AnalogKit,127,0,26,,75,D♯4,D♯5,Claves 2,,,kit-specific
16,1,DanceKit,127,0,28,,75,D♯4,D♯5,Claves 2,,,kit-specific
16,1,JazzKit,127,0,33,yes,75,D♯4,D♯5,Claves,,,same as StandardKit1
16,1,BrushKit,127,0,41,yes,75,D♯4,D♯5,Claves,,,same as StandardKit1
16,1,ElectroKit,127,0,25,,76,E4,E5,Wood Block H,,,same as StandardKit1
16,1,AnalogKit,127,0,26,,76,E4,E5,Wood Block H,,,same as StandardKit1
16,1,DanceKit,127,0,28,,76,E4,E5,Dance Perc 3,,,kit-specific
16,1,JazzKit,127,0,33,yes,76,E4,E5,Wood Block H,,,same as StandardKit1
16,1,BrushKit,127,0,41,yes,76,E4,E5,Wood Block H,,,same as StandardKit1
16,1,ElectroKit,127,0,25,,77,F4,F5,Wood Block L,,,same as StandardKit1
16,1,AnalogKit,127,0,26,,77,F4,F5,Wood Block L,,,same as StandardKit1
16,1,DanceKit,127,0,28,,77,F4,F5,Dance Perc 4,,yes,kit-specific
16,1,JazzKit,127,0,33,yes,77,F4,F5,Wood Block L,,,same as StandardKit1
16,1,BrushKit,127,0,41,yes,77,F4,F5,Wood Block L,,,same as StandardKit1
16,1,ElectroKit,127,0,25,,78,F♯4,F♯5,Scratch H 2,,,kit-specific
16,1,AnalogKit,127,0,26,,78,F♯4,F♯5,Scratch H 2,,,kit-specific
16,1,DanceKit,127,0,28,,78,F♯4,F♯5,Dance Breath 1,,,kit-specific
16,1,JazzKit,127,0,33,yes,78,F♯4,F♯5,Cuica Mute,,,same as StandardKit1
16,1,BrushKit,127,0,41,yes,78,F♯4,F♯5,Cuica Mute,,,same as StandardKit1
16,1,ElectroKit,127,0,25,,79,G4,G5,Scratch L 2,,,kit-specific
16,1,AnalogKit,127,0,26,,79,G4,G5,Scratch L 2,,,kit-specific
16,1,DanceKit,127,0,28,,79,G4,G5,Dance Breath 2,,yes,kit-specific
16,1,JazzKit,127,0,33,yes,79,G4,G5,Cuica Open,,,same as StandardKit1
16,1,BrushKit,127,0,41,yes,79,G4,G5,Cuica Open,,,same as StandardKit1
16,1,ElectroKit,127,0,25,,80,G♯4,G♯5,Triangle Mute,2,,same as StandardKit1
16,1,AnalogKit,127,0,26,,80,G♯4,G♯5,Triangle Mute,2,,same as StandardKit1
16,1,DanceKit,127,0,28,,80,G♯4,G♯5,Triangle Mute,2,,same as StandardKit1
16,1,JazzKit,127,0,33,yes,80,G♯4,G♯5,Triangle Mute,2,,same as StandardKit1
16,1,BrushKit,127,0,41,yes,80,G♯4,G♯5,Triangle Mute,2,,same as StandardKit1
16,1,ElectroKit,127,0,25,,81,A4,A5,Triangle Open,2,,same as StandardKit1
16,1,AnalogKit,127,0,26,,81,A4,A5,Triangle Open,2,,same as StandardKit1
16,1,DanceKit,127,0,28,,81,A4,A5,Triangle Open,2,,same as StandardKit1
16,1,JazzKit,127,0,33,yes,81,A4,A5,Triangle Open,2,,same as StandardKit1
16,1,BrushKit,127,0,41,yes,81,A4,A5,Triangle Open,2,,same as StandardKit1
16,1,ElectroKit,127,0,25,,82,A♯4,A♯5,Shaker,,,same as StandardKit1
16,1,AnalogKit,127,0,26,,82,A♯4,A♯5,Shaker,,,same as StandardKit1
16,1,DanceKit,127,0,28,,82,A♯4,A♯5,Shaker,,,same as StandardKit1
16,1,JazzKit,127,0,33,yes,82,A♯4,A♯5,Shaker,,,same as StandardKit1
16,1,BrushKit,127,0,41,yes,82,A♯4,A♯5,Shaker,,,same as StandardKit1
16,1,ElectroKit,127,0,25,,83,B4,B5,Jingle Bells,,,same as StandardKit1
16,1,AnalogKit,127,0,26,,83,B4,B5,Jingle Bells,,,same as StandardKit1
16,1,DanceKit,127,0,28,,83,B4,B5,Jingle Bells,,,same as StandardKit1
16,1,JazzKit,127,0,33,yes,83,B4,B5,Jingle Bells,,,same as StandardKit1
16,1,BrushKit,127,0,41,yes,83,B4,B5,Jingle Bells,,,same as StandardKit1
16,1,ElectroKit,127,0,25,,84,C5,C6,Bell Tree,,,same as StandardKit1
16,1,AnalogKit,127,0,26,,84,C5,C6,Bell Tree,,,same as StandardKit1
16,1,DanceKit,127,0,28,,84,C5,C6,Bell Tree,,,same as StandardKit1
16,1,JazzKit,127,0,33,yes,84,C5,C6,Bell Tree,,,same as StandardKit1
16,1,BrushKit,127,0,41,yes,84,C5,C6,Bell Tree,,,same as StandardKit1
17,1,SymphonyKit,127,0,49,yes,13,C♯-1,C♯0,Surdo Mute,3,,same as StandardKit1
17,1,HipHopKit,127,0,57,,13,C♯-1,C♯0,Surdo Mute,5,,same as StandardKit1
17,1,BreakKit,127,0,58,,13,C♯-1,C♯0,Surdo Mute,3,,same as StandardKit1
17,1,AnalogT8Kit,127,0,59,,13,C♯-1,C♯0,Surdo Mute,3,,same as StandardKit1
17,1,AnalogT9Kit,127,0,60,,13,C♯-1,C♯0,Surdo Mute,3,,same as StandardKit1
17,1,SymphonyKit,127,0,49,yes,14,D-1,D0,Surdo Open,3,,same as StandardKit1
17,1,HipHopKit,127,0,57,,14,D-1,D0,Surdo Open,5,,same as StandardKit1
17,1,BreakKit,127,0,58,,14,D-1,D0,Surdo Open,3,,same as StandardKit1
17,1,AnalogT8Kit,127,0,59,,14,D-1,D0,Surdo Open,3,,same as StandardKit1
17,1,AnalogT9Kit,127,0,60,,14,D-1,D0,Surdo Open,3,,same as StandardKit1
17,1,SymphonyKit,127,0,49,yes,15,D♯-1,D♯0,Hi Q,,,same as StandardKit1
17,1,HipHopKit,127,0,57,,15,D♯-1,D♯0,Hi Q,,,same as StandardKit1
17,1,BreakKit,127,0,58,,15,D♯-1,D♯0,Hi Q,,,same as StandardKit1
17,1,AnalogT8Kit,127,0,59,,15,D♯-1,D♯0,Hi Q,,,same as StandardKit1
17,1,AnalogT9Kit,127,0,60,,15,D♯-1,D♯0,Hi Q,,,same as StandardKit1
17,1,SymphonyKit,127,0,49,yes,16,E-1,E0,Whip Slap,,,same as StandardKit1
17,1,HipHopKit,127,0,57,,16,E-1,E0,Whip Slap,,,same as StandardKit1
17,1,BreakKit,127,0,58,,16,E-1,E0,Whip Slap,,,same as StandardKit1
17,1,AnalogT8Kit,127,0,59,,16,E-1,E0,Whip Slap,,,same as StandardKit1
17,1,AnalogT9Kit,127,0,60,,16,E-1,E0,Whip Slap,,,same as StandardKit1
17,1,SymphonyKit,127,0,49,yes,17,F-1,F0,Scratch H,4,,same as StandardKit1
17,1,HipHopKit,127,0,57,,17,F-1,F0,Scratch H,6,,same as StandardKit1
17,1,BreakKit,127,0,58,,17,F-1,F0,Scratch H,4,,same as StandardKit1
17,1,AnalogT8Kit,127,0,59,,17,F-1,F0,Scratch H,4,,same as StandardKit1
17,1,AnalogT9Kit,127,0,60,,17,F-1,F0,Scratch H,4,,same as StandardKit1
17,1,SymphonyKit,127,0,49,yes,18,F♯-1,F♯0,Scratch L,4,,same as StandardKit1
17,1,HipHopKit,127,0,57,,18,F♯-1,F♯0,Scratch L,6,,same as StandardKit1
17,1,BreakKit,127,0,58,,18,F♯-1,F♯0,Scratch L,4,,same as StandardKit1
17,1,AnalogT8Kit,127,0,59,,18,F♯-1,F♯0,Scratch L,4,,same as StandardKit1
17,1,AnalogT9Kit,127,0,60,,18,F♯-1,F♯0,Scratch L,4,,same as StandardKit1
17,1,SymphonyKit,127,0,49,yes,19,G-1,G0,Finger Snap,,,same as StandardKit1
17,1,HipHopKit,127,0,57,,19,G-1,G0,Hi-Hat Closed T8 2,4,,kit-specific
17,1,BreakKit,127,0,58,,19,G-1,G0,Finger Snap,,,same as StandardKit1
17,1,AnalogT8Kit,127,0,59,,19,G-1,G0,Snare Hammer,,,kit-specific
17,1,AnalogT9Kit,127,0,60,,19,G-1,G0,Snare Drum&Bass 1,,,kit-specific
17,1,SymphonyKit,127,0,49,yes,20,G♯-1,G♯0,Click Noise,,,same as StandardKit1
17,1,HipHopKit,127,0,57,,20,G♯-1,G♯0,Tom T8 3,,,kit-specific
17,1,BreakKit,127,0,58,,20,G♯-1,G♯0,Snare Break 8,,,kit-specific
17,1,AnalogT8Kit,127,0,59,,20,G♯-1,G♯0,Kick Zap Hard,,,kit-specific
17,1,AnalogT9Kit,127,0,60,,20,G♯-1,G♯0,Kick Break 2,,,kit-specific
17,1,SymphonyKit,127,0,49,yes,21,A-1,A0,Metronome Click,,,same as StandardKit1
17,1,HipHopKit,127,0,57,,21,A-1,A0,Hi-Hat Open T8 2,4,,kit-specific
17,1,BreakKit,127,0,58,,21,A-1,A0,Snare Break 9,,,kit-specific
17,1,AnalogT8Kit,127,0,59,,21,A-1,A0,Snare Garg L,,,kit-specific
17,1,AnalogT9Kit,127,0,60,,21,A-1,A0,Snare Distortion,,,kit-specific
17,1,SymphonyKit,127,0,49,yes,22,A♯-1,A♯0,Metronome Bell,,,same as StandardKit1
17,1,HipHopKit,127,0,57,,22,A♯-1,A♯0,Tom T8 6,,,kit-specific
17,1,BreakKit,127,0,58,,22,A♯-1,A♯0,Hi-Hat Closed Break 1,,yes,kit-specific
17,1,AnalogT8Kit,127,0,59,,22,A♯-1,A♯0,Kick Tek Power,,,kit-specific
17,1,AnalogT9Kit,127,0,60,,22,A♯-1,A♯0,Kick Tek Power,,,kit-specific
17,1,SymphonyKit,127,0,49,yes,23,B-1,B0,Seq Click L,,,same as StandardKit1
17,1,HipHopKit,127,0,57,,23,B-1,B0,Crash T8,,,kit-specific
17,1,BreakKit,127,0,58,,23,B-1,B0,Hi-Hat Closed Break 2,,yes,kit-specific
17,1,AnalogT8Kit,127,0,59,,23,B-1,B0,Kick Slimy,,,kit-specific
17,1,AnalogT9Kit,127,0,60,,23,B-1,B0,Kick Distortion RM,,,kit-specific
17,1,SymphonyKit,127,0,49,yes,24,C0,C1,Seq Click H,,,same as StandardKit1
17,1,HipHopKit,127,0,57,,24,C0,C1,Triangle Mute,1,,kit-specific
17,1,BreakKit,127,0,58,,24,C0,C1,Kick Break Deep,,,kit-specific
17,1,AnalogT8Kit,127,0,59,,24,C0,C1,Kick T8 4,,,kit-specific
17,1,AnalogT9Kit,127,0,60,,24,C0,C1,Kick T9 2,,,kit-specific
17,1,SymphonyKit,127,0,49,yes,25,C♯0,C♯1,Brush Tap,,,same as StandardKit1
17,1,HipHopKit,127,0,57,,25,C♯0,C♯1,Triangle Open,1,,kit-specific
17,1,BreakKit,127,0,58,,25,C♯0,C♯1,Snare Hip,,,kit-specific
17,1,AnalogT8Kit,127,0,59,,25,C♯0,C♯1,Snare Analog CR,,,kit-specific
17,1,AnalogT9Kit,127,0,60,,25,C♯0,C♯1,Snare Analog CR,,,kit-specific
17,1,SymphonyKit,127,0,49,yes,26,D0,D1,Brush Swirl,,yes,same as StandardKit1
17,1,HipHopKit,127,0,57,,26,D0,D1,Wind Chime,,,kit-specific
17,1,BreakKit,127,0,58,,26,D0,D1,Snare Lo-Fi,,,kit-specific
17,1,AnalogT8Kit,127,0,59,,26,D0,D1,Snare T8 7,,,kit-specific
17,1,AnalogT9Kit,127,0,60,,26,D0,D1,Snare T9 5,,,kit-specific
17,1,SymphonyKit,127,0,49,yes,27,D♯0,D♯1,Brush Slap,,,same as StandardKit1
17,1,HipHopKit,127,0,57,,27,D♯0,D♯1,Tambourine Light 2,,,kit-specific
17,1,BreakKit,127,0,58,,27,D♯0,D♯1,Snare Clappy,,,kit-specific
17,1,AnalogT8Kit,127,0,59,,27,D♯0,D♯1,Snare Clap Analog,,,kit-specific
17,1,AnalogT9Kit,127,0,60,,27,D♯0,D♯1,Clap Analog Sm,,,kit-specific
17,1,SymphonyKit,127,0,49,yes,28,E0,E1,Brush Tap Swirl,,yes,same as StandardKit1
17,1,HipHopKit,127,0,57,,28,E0,E1,Tambourine Light 1,,,kit-specific
17,1,BreakKit,127,0,58,,28,E0,E1,Snare LdwH Mono,,,kit-specific
17,1,AnalogT8Kit,127,0,59,,28,E0,E1,Snare T8 6,,,kit-specific
17,1,AnalogT9Kit,127,0,60,,28,E0,E1,Snare T9 Gate 1,,,kit-specific
17,1,SymphonyKit,127,0,49,yes,29,F0,F1,Snare Roll,,yes,same as StandardKit1
17,1,HipHopKit,127,0,57,,29,F0,F1,Kick HipHop 9,,,kit-specific
17,1,BreakKit,127,0,58,,29,F0,F1,Snare Rock Roll,,yes,kit-specific
17,1,AnalogT8Kit,127,0,59,,29,F0,F1,Tom T8 5,,,kit-specific
17,1,AnalogT9Kit,127,0,60,,29,F0,F1,Snare Rock Roll,,yes,kit-specific
17,1,SymphonyKit,127,0,49,yes,30,F♯0,F♯1,Castanet,,,same as StandardKit1
17,1,HipHopKit,127,0,57,,30,F♯0,F♯1,Hi-Hat Closed Tek,3,,kit-specific
17,1,BreakKit,127,0,58,,30,F♯0,F♯1,Snare Gate 1,,,kit-specific
17,1,AnalogT8Kit,127,0,59,,30,F♯0,F♯1,Snare T8 5,,,kit-specific
17,1,AnalogT9Kit,127,0,60,,30,F♯0,F♯1,Snare T9 3,,,kit-specific
17,1,SymphonyKit,127,0,49,yes,31,G0,G1,Snare Soft,,,same as StandardKit1
17,1,HipHopKit,127,0,57,,31,G0,G1,Kick Gate,,,kit-specific
17,1,BreakKit,127,0,58,,31,G0,G1,Snare Mid,,,kit-specific
17,1,AnalogT8Kit,127,0,59,,31,G0,G1,Kick T8 3,,,kit-specific
17,1,AnalogT9Kit,127,0,60,,31,G0,G1,Snare T9 4,,,kit-specific
17,1,SymphonyKit,127,0,49,yes,32,G♯0,G♯1,Sticks,,,same as StandardKit1
17,1,HipHopKit,127,0,57,,32,G♯0,G♯1,Hi-Hat Open Lo-Fi,3,,kit-specific
17,1,BreakKit,127,0,58,,32,G♯0,G♯1,Snare Break Rim,,,kit-specific
17,1,AnalogT8Kit,127,0,59,,32,G♯0,G♯1,Snare T8 4,,,kit-specific
17,1,AnalogT9Kit,127,0,60,,32,G♯0,G♯1,Snare T9 Gate 2,,,kit-specific
17,1,SymphonyKit,127,0,49,yes,33,A0,A1,Kick Soft 2,,,kit-specific
17,1,HipHopKit,127,0,57,,33,A0,A1,Kick Gran Casa Open,,,kit-specific
17,1,BreakKit,127,0,58,,33,A0,A1,Kick Break Heavy,,,kit-specific
17,1,AnalogT8Kit,127,0,59,,33,A0,A1,Kick T8 2,,,kit-specific
17,1,AnalogT9Kit,127,0,60,,33,A0,A1,Kick T9 4,,,kit-specific
17,1,SymphonyKit,127,0,49,yes,34,A♯0,A♯1,Open Rim Shot,,,same as StandardKit1
17,1,HipHopKit,127,0,57,,34,A♯0,A♯1,Hi-Hat Reverse Drum&Bass,,,kit-specific
17,1,BreakKit,127,0,58,,34,A♯0,A♯1,Snare Hip Rim 4,,,kit-specific
17,1,AnalogT8Kit,127,0,59,,34,A♯0,A♯1,Snare T8 3,,,kit-specific
17,1,AnalogT9Kit,127,0,60,,34,A♯0,A♯1,Snare T9 6,,,kit-specific
17,1,SymphonyKit,127,0,49,yes,35,B0,B1,Gran Cassa,,,kit-specific
17,1,HipHopKit,127,0,57,,35,B0,B1,Kick HipHop 1,,,kit-specific
17,1,BreakKit,127,0,58,,35,B0,B1,Kick Break 2,,,kit-specific
17,1,AnalogT8Kit,127,0,59,,35,B0,B1,T8 Kick Bass,,,kit-specific
17,1,AnalogT9Kit,127,0,60,,35,B0,B1,Kick T9 1,,,kit-specific
17,1,SymphonyKit,127,0,49,yes,36,C1,C2,Gran Cassa Mute,,,kit-specific
17,1,HipHopKit,127,0,57,,36,C1,C2,Kick Analog CR,,,kit-specific
17,1,BreakKit,127,0,58,,36,C1,C2,Kick Break 1,,,kit-specific
17,1,AnalogT8Kit,127,0,59,,36,C1,C2,Kick T8 1,,,kit-specific
17,1,AnalogT9Kit,127,0,60,,36,C1,C2,Kick T9 3,,,kit-specific
17,1,SymphonyKit,127,0,49,yes,37,C♯1,C♯2,Side Stick,,,same as StandardKit1
17,1,HipHopKit,127,0,57,,37,C♯1,C♯2,Snare Analog Sm Rim,,,kit-specific
17,1,BreakKit,127,0,58,,37,C♯1,C♯2,Snare Hip Rim 1,,,kit-specific
17,1,AnalogT8Kit,127,0,59,,37,C♯1,C♯2,Snare T8 Rim,,,kit-specific
17,1,AnalogT9Kit,127,0,60,,37,C♯1,C♯2,Snare T9 Rim,,,kit-specific
17,1,SymphonyKit,127,0,49,yes,38,D1,D2,Band Snare,,,kit-specific
17,1,HipHopKit,127,0,57,,38,D1,D2,Snare HipHop 1,,,kit-specific
17,1,BreakKit,127,0,58,,38,D1,D2,Snare Break 3,,,kit-specific
17,1,AnalogT8Kit,127,0,59,,38,D1,D2,Snare T8 2,,,kit-specific
17,1,AnalogT9Kit,127,0,60,,38,D1,D2,Snare T9 1,,,kit-specific
17,1,SymphonyKit,127,0,49,yes,39,D♯1,D♯2,Hand Clap,,,same as StandardKit1
17,1,HipHopKit,127,0,57,,39,D♯1,D♯2,Snare Clappy,,,kit-specific
17,1,BreakKit,127,0,58,,39,D♯1,D♯2,Snare Break 1,,,kit-specific
17,1,AnalogT8Kit,127,0,59,,39,D♯1,D♯2,Clap T9,,,kit-specific
17,1,AnalogT9Kit,127,0,60,,39,D♯1,D♯2,Clap T9,,,kit-specific
17,1,SymphonyKit,127,0,49,yes,40,E1,E2,Band Snare 2,,,kit-specific
17,1,HipHopKit,127,0,57,,40,E1,E2,Snare HipHop 2,,,kit-specific
17,1,BreakKit,127,0,58,,40,E1,E2,Snare Break 2,,,kit-specific
17,1,AnalogT8Kit,127,0,59,,40,E1,E2,Snare T8 1,,,kit-specific
17,1,AnalogT9Kit,127,0,60,,40,E1,E2,Snare T9 2,,,kit-specific
17,1,SymphonyKit,127,0,49,yes,41,F1,F2,Floor Tom L,,,same as StandardKit1
17,1,HipHopKit,127,0,57,,41,F1,F2,Floor Tom L,,,same as StandardKit1
17,1,BreakKit,127,0,58,,41,F1,F2,Tom Break 1,,,kit-specific
17,1,AnalogT8Kit,127,0,59,,41,F1,F2,Tom T8 1,,,kit-specific
17,1,AnalogT9Kit,127,0,60,,41,F1,F2,Tom T9 1,,,kit-specific
17,1,SymphonyKit,127,0,49,yes,42,F♯1,F♯2,Hi-Hat Closed,1,,same as StandardKit1
17,1,HipHopKit,127,0,57,,42,F♯1,F♯2,Hi-Hat Closed HipHop,2,,kit-specific
17,1,BreakKit,127,0,58,,42,F♯1,F♯2,Hi-Hat Closed Rock Soft,1,,kit-specific
17,1,AnalogT8Kit,127,0,59,,42,F♯1,F♯2,Hi-Hat Closed T8,1,,kit-specific
17,1,AnalogT9Kit,127,0,60,,42,F♯1,F♯2,Hi-Hat Closed T9,1,,kit-specific
17,1,SymphonyKit,127,0,49,yes,43,G1,G2,Floor Tom H,,,same as StandardKit1
17,1,HipHopKit,127,0,57,,43,G1,G2,Low Tom,,,kit-specific
17,1,BreakKit,127,0,58,,43,G1,G2,Tom Break 2,,,kit-specific
17,1,AnalogT8Kit,127,0,59,,43,G1,G2,Tom T8 2,,,kit-specific
17,1,AnalogT9Kit,127,0,60,,43,G1,G2,Tom T9 2,,,kit-specific
17,1,SymphonyKit,127,0,49,yes,44,G♯1,G♯2,Hi-Hat Pedal,1,,same as StandardKit1
17,1,HipHopKit,127,0,57,,44,G♯1,G♯2,Hi-Hat Pedal HipHop,2,,kit-specific
17,1,BreakKit,127,0,58,,44,G♯1,G♯2,Hi-Hat Pedal Rock,1,,kit-specific
17,1,AnalogT8Kit,127,0,59,,44,G♯1,G♯2,Hi-Hat Pedal T8,1,,kit-specific
17,1,AnalogT9Kit,127,0,60,,44,G♯1,G♯2,Hi-Hat Pedal T9,1,,kit-specific
17,1,SymphonyKit,127,0,49,yes,45,A1,A2,Low Tom,,,same as StandardKit1
17,1,HipHopKit,127,0,57,,45,A1,A2,Mid Tom L,,,kit-specific
17,1,BreakKit,127,0,58,,45,A1,A2,Tom Break 3,,,kit-specific
17,1,AnalogT8Kit,127,0,59,,45,A1,A2,Tom T8 3,,,kit-specific
17,1,AnalogT9Kit,127,0,60,,45,A1,A2,Tom T9 3,,,kit-specific
17,1,SymphonyKit,127,0,49,yes,46,A♯1,A♯2,Hi-Hat Open,1,,same as StandardKit1
17,1,HipHopKit,127,0,57,,46,A♯1,A♯2,Hi-Hat Open HipHop,2,,kit-specific
17,1,BreakKit,127,0,58,,46,A♯1,A♯2,Hi-Hat Half Open Rock,1,,kit-specific
17,1,AnalogT8Kit,127,0,59,,46,A♯1,A♯2,Hi-Hat Open T8,1,,kit-specific
17,1,AnalogT9Kit,127,0,60,,46,A♯1,A♯2,Hi-Hat Open T9,1,,kit-specific
17,1,SymphonyKit,127,0,49,yes,47,B1,B2,Mid Tom L,,,same as StandardKit1
17,1,HipHopKit,127,0,57,,47,B1,B2,High Tom,,,kit-specific
17,1,BreakKit,127,0,58,,47,B1,B2,Tom Break 4,,,kit-specific
17,1,AnalogT8Kit,127,0,59,,47,B1,B2,Tom T8 4,,,kit-specific
17,1,AnalogT9Kit,127,0,60,,47,B1,B2,Tom T9 4,,,kit-specific
17,1,SymphonyKit,127,0,49,yes,48,C2,C3,Mid Tom H,,,same as StandardKit1
17,1,HipHopKit,127,0,57,,48,C2,C3,Ride Cymbal 3,,,kit-specific
17,1,BreakKit,127,0,58,,48,C2,C3,Tom Break 5,,,kit-specific
17,1,AnalogT8Kit,127,0,59,,48,C2,C3,Tom T8 6,,,kit-specific
17,1,AnalogT9Kit,127,0,60,,48,C2,C3,Tom T9 5,,,kit-specific
17,1,SymphonyKit,127,0,49,yes,49,C♯2,C♯3,Hand Cymbal,,,kit-specific
17,1,HipHopKit,127,0,57,,49,C♯2,C♯3,Crash Cymbal 3,,,kit-specific
17,1,BreakKit,127,0,58,,49,C♯2,C♯3,Crash Cymbal 1,,,same as StandardKit1
17,1,AnalogT8Kit,127,0,59,,49,C♯2,C♯3,Crash Cymbal T8,,,kit-specific
17,1,AnalogT9Kit,127,0,60,,49,C♯2,C♯3,Crash Cymbal T9,,,kit-specific
17,1,SymphonyKit,127,0,49,yes,50,D2,D3,High Tom,,,same as StandardKit1
17,1,HipHopKit,127,0,57,,50,D2,D3,Shaker 2,,,kit-specific
17,1,BreakKit,127,0,58,,50,D2,D3,Tom Break 6,,,kit-specific
17,1,AnalogT8Kit,127,0,59,,50,D2,D3,Tom T8 7,,,kit-specific
17,1,AnalogT9Kit,127,0,60,,50,D2,D3,Tom T9 6,,,kit-specific
17,1,SymphonyKit,127,0,49,yes,51,D♯2,D♯3,Hand Cymbal Short,,,kit-specific
17,1,HipHopKit,127,0,57,,51,D♯2,D♯3,Scratch Bass Drum Forward,,,kit-specific
17,1,BreakKit,127,0,58,,51,D♯2,D♯3,Ride Cymbal 3,,,kit-specific
17,1,AnalogT8Kit,127,0,59,,51,D♯2,D♯3,Ride Cymbal T9,,,kit-specific
17,1,AnalogT9Kit,127,0,60,,51,D♯2,D♯3,Ride Cymbal T9,,,kit-specific
17,1,SymphonyKit,127,0,49,yes,52,E2,E3,Chinese Cymbal,,,same as StandardKit1
17,1,HipHopKit,127,0,57,,52,E2,E3,Scratch Bass Drum Reverse,,,kit-specific
17,1,BreakKit,127,0,58,,52,E2,E3,China Cymbal 2,,,kit-specific
17,1,AnalogT8Kit,127,0,59,,52,E2,E3,China Cymbal 2,,,kit-specific
17,1,AnalogT9Kit,127,0,60,,52,E2,E3,China Cymbal 2,,,kit-specific
17,1,SymphonyKit,127,0,49,yes,53,F2,F3,Ride Cymbal Cup,,,same as StandardKit1
17,1,HipHopKit,127,0,57,,53,F2,F3,Kick HipHop 2,,,kit-specific
17,1,BreakKit,127,0,58,,53,F2,F3,Ride Cymbal Cup 2,,,kit-specific
17,1,AnalogT8Kit,127,0,59,,53,F2,F3,Ride Cymbal Cup 2,,,kit-specific
17,1,AnalogT9Kit,127,0,60,,53,F2,F3,Ride Cymbal Cup 2,,,kit-specific
17,1,SymphonyKit,127,0,49,yes,54,F♯2,F♯3,Tambourine,,,same as StandardKit1
17,1,HipHopKit,127,0,57,,54,F♯2,F♯3,Snare HipHop Rim 2,,,kit-specific
17,1,BreakKit,127,0,58,,54,F♯2,F♯3,Tambourine 1 Hit,,,kit-specific
17,1,AnalogT8Kit,127,0,59,,54,F♯2,F♯3,Tambourine RX5,,,kit-specific
17,1,AnalogT9Kit,127,0,60,,54,F♯2,F♯3,Tambourine RX5,,,kit-specific
17,1,SymphonyKit,127,0,49,yes,55,G2,G3,Splash Cymbal,,,same as StandardKit1
17,1,HipHopKit,127,0,57,,55,G2,G3,HipHop Clap 2,,,kit-specific
17,1,BreakKit,127,0,58,,55,G2,G3,Splash Cymbal 2,,,kit-specific
17,1,AnalogT8Kit,127,0,59,,55,G2,G3,Splash Cymbal,,,same as StandardKit1
17,1,AnalogT9Kit,127,0,60,,55,G2,G3,Splash Cymbal 2,,,kit-specific
17,1,SymphonyKit,127,0,49,yes,56,G♯2,G♯3,Cowbell,,,same as StandardKit1
17,1,HipHopKit,127,0,57,,56,G♯2,G♯3,HipHop Snap 1,,,kit-specific
17,1,BreakKit,127,0,58,,56,G♯2,G♯3,Cowbell 1,,,kit-specific
17,1,AnalogT8Kit,127,0,59,,56,G♯2,G♯3,Cowbell T8,,,kit-specific
17,1,AnalogT9Kit,127,0,60,,56,G♯2,G♯3,Cowbell 1,,,kit-specific
17,1,SymphonyKit,127,0,49,yes,57,A2,A3,Hand Cymbal 2,,,kit-specific
17,1,HipHopKit,127,0,57,,57,A2,A3,Snare HipHop 3,,,kit-specific
17,1,BreakKit,127,0,58,,57,A2,A3,Crash Cymbal 2,,,same as StandardKit1
17,1,AnalogT8Kit,127,0,59,,57,A2,A3,Crash Cymbal 4,,,kit-specific
17,1,AnalogT9Kit,127,0,60,,57,A2,A3,Crash Cymbal 4,,,kit-specific
17,1,SymphonyKit,127,0,49,yes,58,A♯2,A♯3,Vibraslap,,,same as StandardKit1
17,1,HipHopKit,127,0,57,,58,A♯2,A♯3,Electric Clap 2,,,kit-specific
17,1,BreakKit,127,0,58,,58,A♯2,A♯3,Cowbell RX11,,,kit-specific
17,1,AnalogT8Kit,127,0,59,,58,A♯2,A♯3,Vibraslap,,,same as StandardKit1
17,1,AnalogT9Kit,127,0,60,,58,A♯2,A♯3,Cowbell T8,,,kit-specific
17,1,SymphonyKit,127,0,49,yes,59,B2,B3,Hand Cymbal Short 2,,,kit-specific
17,1,HipHopKit,127,0,57,,59,B2,B3,Kick Hip Deep,,,kit-specific
17,1,BreakKit,127,0,58,,59,B2,B3,Ride Cymbal 2,,,same as StandardKit1
17,1,AnalogT8Kit,127,0,59,,59,B2,B3,Ride Cymbal 3,,,kit-specific
17,1,AnalogT9Kit,127,0,60,,59,B2,B3,Ride Cymbal 3,,,kit-specific
17,1,SymphonyKit,127,0,49,yes,60,C3,C4,Bongo H,,,same as StandardKit1
17,1,HipHopKit,127,0,57,,60,C3,C4,Kick HipHop 3,,,kit-specific
17,1,BreakKit,127,0,58,,60,C3,C4,Bongo H,,,same as StandardKit1
17,1,AnalogT8Kit,127,0,59,,60,C3,C4,Conga T8 5,,,kit-specific
17,1,AnalogT9Kit,127,0,60,,60,C3,C4,Conga T8 5,,,kit-specific
17,1,SymphonyKit,127,0,49,yes,61,C♯3,C♯4,Bongo L,,,same as StandardKit1
17,1,HipHopKit,127,0,57,,61,C♯3,C♯4,Snare HipHop Rim 3,,,kit-specific
17,1,BreakKit,127,0,58,,61,C♯3,C♯4,Bongo L,,,same as StandardKit1
17,1,AnalogT8Kit,127,0,59,,61,C♯3,C♯4,Conga T8 4,,,kit-specific
17,1,AnalogT9Kit,127,0,60,,61,C♯3,C♯4,Conga T8 4,,,kit-specific
17,1,SymphonyKit,127,0,49,yes,62,D3,D4,Conga H Mute,,,same as StandardKit1
17,1,HipHopKit,127,0,57,,62,D3,D4,Snare HipHop 5,,,kit-specific
17,1,BreakKit,127,0,58,,62,D3,D4,Conga H Tip,,,kit-specific
17,1,AnalogT8Kit,127,0,59,,62,D3,D4,Conga T8 3,,,kit-specific
17,1,AnalogT9Kit,127,0,60,,62,D3,D4,Conga Tip,,,kit-specific
17,1,SymphonyKit,127,0,49,yes,63,D♯3,D♯4,Conga H Open,,,same as StandardKit1
17,1,HipHopKit,127,0,57,,63,D♯3,D♯4,Electric Clap 1,,,kit-specific
17,1,BreakKit,127,0,58,,63,D♯3,D♯4,Conga H Open Slap,,,kit-specific
17,1,AnalogT8Kit,127,0,59,,63,D♯3,D♯4,Conga T8 2,,,kit-specific
17,1,AnalogT9Kit,127,0,60,,63,D♯3,D♯4,Conga Open Slap,,,kit-specific
17,1,SymphonyKit,127,0,49,yes,64,E3,E4,Conga L,,,same as StandardKit1
17,1,HipHopKit,127,0,57,,64,E3,E4,Handbell H,,,kit-specific
17,1,BreakKit,127,0,58,,64,E3,E4,Conga H Open,,,kit-specific
17,1,AnalogT8Kit,127,0,59,,64,E3,E4,Conga T8 1,,,kit-specific
17,1,AnalogT9Kit,127,0,60,,64,E3,E4,Conga Open,,,kit-specific
17,1,SymphonyKit,127,0,49,yes,65,F3,F4,Timbale H,,,same as StandardKit1
17,1,HipHopKit,127,0,57,,65,F3,F4,Kick HipHop 4,,,kit-specific
17,1,BreakKit,127,0,58,,65,F3,F4,Bongo 2 H,,,kit-specific
17,1,AnalogT8Kit,127,0,59,,65,F3,F4,Timbale H,,,same as StandardKit1
17,1,AnalogT9Kit,127,0,60,,65,F3,F4,Timbale H,,,same as StandardKit1
17,1,SymphonyKit,127,0,49,yes,66,F♯3,F♯4,Timbale L,,,same as StandardKit1
17,1,HipHopKit,127,0,57,,66,F♯3,F♯4,HipHop Clap 3,,,kit-specific
17,1,BreakKit,127,0,58,,66,F♯3,F♯4,Bongo 2 L,,,kit-specific
17,1,AnalogT8Kit,127,0,59,,66,F♯3,F♯4,Timbale L,,,same as StandardKit1
17,1,AnalogT9Kit,127,0,60,,66,F♯3,F♯4,Timbale L,,,same as StandardKit1
17,1,SymphonyKit,127,0,49,yes,67,G3,G4,Agogo H,,,same as StandardKit1
17,1,HipHopKit,127,0,57,,67,G3,G4,HipHop Snap 2,,,kit-specific
17,1,BreakKit,127,0,58,,67,G3,G4,Conga Open,,,kit-specific
17,1,AnalogT8Kit,127,0,59,,67,G3,G4,Glass H,,,kit-specific
17,1,AnalogT9Kit,127,0,60,,67,G3,G4,Analog Click,,,kit-specific
17,1,SymphonyKit,127,0,49,yes,68,G♯3,G♯4,Agogo L,,,same as StandardKit1
17,1,HipHopKit,127,0,57,,68,G♯3,G♯4,Snare HipHop Rim 5,,,kit-specific
17,1,BreakKit,127,0,58,,68,G♯3,G♯4,Agogo L,,,same as StandardKit1
17,1,AnalogT8Kit,127,0,59,,68,G♯3,G♯4,Glass L,,,kit-specific
17,1,AnalogT9Kit,127,0,60,,68,G♯3,G♯4,Conga T8 1,,,kit-specific
17,1,SymphonyKit,127,0,49,yes,69,A3,A4,Cabasa,,,same as StandardKit1
17,1,HipHopKit,127,0,57,,69,A3,A4,HipHop Flex 1,,,kit-specific
17,1,BreakKit,127,0,58,,69,A3,A4,Cabasa,,,same as StandardKit1
17,1,AnalogT8Kit,127,0,59,,69,A3,A4,Cabasa,,,same as StandardKit1
17,1,AnalogT9Kit,127,0,60,,69,A3,A4,Cabasa,,,same as StandardKit1
17,1,SymphonyKit,127,0,49,yes,70,A♯3,A♯4,Maracas,,,same as StandardKit1
17,1,HipHopKit,127,0,57,,70,A♯3,A♯4,HipHop Flex 2,,,kit-specific
17,1,BreakKit,127,0,58,,70,A♯3,A♯4,Maracas Slur,,,kit-specific
17,1,AnalogT8Kit,127,0,59,,70,A♯3,A♯4,Maracas T8,,,kit-specific
17,1,AnalogT9Kit,127,0,60,,70,A♯3,A♯4,Maracas Slur 2,,,kit-specific
17,1,SymphonyKit,127,0,49,yes,71,B3,B4,Samba Whistle H,,yes,same as StandardKit1
17,1,HipHopKit,127,0,57,,71,B3,B4,Shaker 2,,,kit-specific
17,1,BreakKit,127,0,58,,71,B3,B4,Timbale H,,,kit-specific
17,1,AnalogT8Kit,127,0,59,,71,B3,B4,Fx Gun 2,,yes,kit-specific
17,1,AnalogT9Kit,127,0,60,,71,B3,B4,Fx Gun 2,,yes,kit-specific
17,1,SymphonyKit,127,0,49,yes,72,C4,C5,Samba Whistle L,,yes,same as StandardKit1
17,1,HipHopKit,127,0,57,,72,C4,C5,Kick HipHop 5,,,kit-specific
17,1,BreakKit,127,0,58,,72,C4,C5,Timbale L,,,kit-specific
17,1,AnalogT8Kit,127,0,59,,72,C4,C5,Fx Gun 1,,yes,kit-specific
17,1,AnalogT9Kit,127,0,60,,72,C4,C5,Fx Gun 1,,yes,kit-specific
17,1,SymphonyKit,127,0,49,yes,73,C♯4,C♯5,Guiro Short,,,same as StandardKit1
17,1,HipHopKit,127,0,57,,73,C♯4,C♯5,Snare HipHop Rim 4,,,kit-specific
17,1,BreakKit,127,0,58,,73,C♯4,C♯5,Scratch H 3,,yes,kit-specific
17,1,AnalogT8Kit,127,0,59,,73,C♯4,C♯5,Analog Shaker H,,yes,kit-specific
17,1,AnalogT9Kit,127,0,60,,73,C♯4,C♯5,Scratch H 3,,yes,kit-specific
17,1,SymphonyKit,127,0,49,yes,74,D4,D5,Guiro Long,,yes,same as StandardKit1
17,1,HipHopKit,127,0,57,,74,D4,D5,Snare HipHop 6,,,kit-specific
17,1,BreakKit,127,0,58,,74,D4,D5,Scratch Down,,yes,kit-specific
17,1,AnalogT8Kit,127,0,59,,74,D4,D5,Analog Shaker L,,yes,kit-specific
17,1,AnalogT9Kit,127,0,60,,74,D4,D5,Scratch Down,,yes,kit-specific
17,1,SymphonyKit,127,0,49,yes,75,D♯4,D♯5,Claves,,,same as StandardKit1
17,1,HipHopKit,127,0,57,,75,D♯4,D♯5,Snare HipHop 11,,,kit-specific
17,1,BreakKit,127,0,58,,75,D♯4,D♯5,Claves,,,same as StandardKit1
17,1,AnalogT8Kit,127,0,59,,75,D♯4,D♯5,Claves T8,,,kit-specific
17,1,AnalogT9Kit,127,0,60,,75,D♯4,D♯5,Hi Q 3,,,kit-specific
17,1,SymphonyKit,127,0,49,yes,76,E4,E5,Wood Block H,,,same as StandardKit1
17,1,HipHopKit,127,0,57,,76,E4,E5,Kick HipHop 10,,,kit-specific
17,1,BreakKit,127,0,58,,76,E4,E5,Wood Block H,,,same as StandardKit1
17,1,AnalogT8Kit,127,0,59,,76,E4,E5,Hi Q 1,,,kit-specific
17,1,AnalogT9Kit,127,0,60,,76,E4,E5,Hi Q 1,,,kit-specific
17,1,SymphonyKit,127,0,49,yes,77,F4,F5,Wood Block L,,,same as StandardKit1
17,1,HipHopKit,127,0,57,,77,F4,F5,Snare HipHop 7,,,kit-specific
17,1,BreakKit,127,0,58,,77,F4,F5,Wood Block L,,,same as StandardKit1
17,1,AnalogT8Kit,127,0,59,,77,F4,F5,Hi Q 2,,,kit-specific
17,1,AnalogT9Kit,127,0,60,,77,F4,F5,Hi Q 2,,,kit-specific
17,1,SymphonyKit,127,0,49,yes,78,F♯4,F♯5,Cuica Mute,,,same as StandardKit1
17,1,HipHopKit,127,0,57,,78,F♯4,F♯5,HipHop Clap 5,,,kit-specific
17,1,BreakKit,127,0,58,,78,F♯4,F♯5,Scratch H 2,,,kit-specific
17,1,AnalogT8Kit,127,0,59,,78,F♯4,F♯5,Scratch H 2,,,kit-specific
17,1,AnalogT9Kit,127,0,60,,78,F♯4,F♯5,Scratch H 2,,,kit-specific
17,1,SymphonyKit,127,0,49,yes,79,G4,G5,Cuica Open,,,same as StandardKit1
17,1,HipHopKit,127,0,57,,79,G4,G5,Conga H Tip,,,kit-specific
17,1,BreakKit,127,0,58,,79,G4,G5,Scratch L 2,,,kit-specific
17,1,AnalogT8Kit,127,0,59,,79,G4,G5,Scratch L 2,,,kit-specific
17,1,AnalogT9Kit,127,0,60,,79,G4,G5,Scratch L 2,,,kit-specific
17,1,SymphonyKit,127,0,49,yes,80,G♯4,G♯5,Triangle Mute,2,,same as StandardKit1
17,1,HipHopKit,127,0,57,,80,G♯4,G♯5,Conga H Heel,,,kit-specific
17,1,BreakKit,127,0,58,,80,G♯4,G♯5,Triangle Mute,2,,same as StandardKit1
17,1,AnalogT8Kit,127,0,59,,80,G♯4,G♯5,Triangle Mute,2,,same as StandardKit1
17,1,AnalogT9Kit,127,0,60,,80,G♯4,G♯5,Triangle Mute,2,,same as StandardKit1
17,1,SymphonyKit,127,0,49,yes,81,A4,A5,Triangle Open,2,,same as StandardKit1
17,1,HipHopKit,127,0,57,,81,A4,A5,Conga H Open,,,kit-specific
17,1,BreakKit,127,0,58,,81,A4,A5,Triangle Open,2,,same as StandardKit1
17,1,AnalogT8Kit,127,0,59,,81,A4,A5,Triangle Open,2,,same as StandardKit1
17,1,AnalogT9Kit,127,0,60,,81,A4,A5,Triangle Open,2,,same as StandardKit1
17,1,SymphonyKit,127,0,49,yes,82,A♯4,A♯5,Shaker,,,same as StandardKit1
17,1,HipHopKit,127,0,57,,82,A♯4,A♯5,Conga L Open 1,,,kit-specific
17,1,BreakKit,127,0,58,,82,A♯4,A♯5,Kick Break 3,,,kit-specific
17,1,AnalogT8Kit,127,0,59,,82,A♯4,A♯5,Analog Shaker,,,kit-specific
17,1,AnalogT9Kit,127,0,60,,82,A♯4,A♯5,Analog Shaker,,,kit-specific
17,1,SymphonyKit,127,0,49,yes,83,B4,B5,Jingle Bells,,,same as StandardKit1
17,1,HipHopKit,127,0,57,,83,B4,B5,Conga L Open 2,,,kit-specific
17,1,BreakKit,127,0,58,,83,B4,B5,Kick Break 4,,,kit-specific
17,1,AnalogT8Kit,127,0,59,,83,B4,B5,Sleigh Bells,,,kit-specific
17,1,AnalogT9Kit,127,0,60,,83,B4,B5,Jingle Bells,,,same as StandardKit1
17,1,SymphonyKit,127,0,49,yes,84,C5,C6,Bell Tree,,,same as StandardKit1
17,1,HipHopKit,127,0,57,,84,C5,C6,Kick HipHop 8,,,kit-specific
17,1,BreakKit,127,0,58,,84,C5,C6,Kick Break 5,,yes,kit-specific
17,1,AnalogT8Kit,127,0,59,,84,C5,C6,Wind Chime,,,kit-specific
17,1,AnalogT9Kit,127,0,60,,84,C5,C6,Wind Chime,,,kit-specific
17,1,HipHopKit,127,0,57,,85,C♯5,C♯6,HipHop Clap 6,,,kit-specific
17,1,BreakKit,127,0,58,,85,C♯5,C♯6,Kick Break 6,,,kit-specific
17,1,AnalogT8Kit,127,0,59,,85,C♯5,C♯6,Snare Hip 1,,,kit-specific
17,1,AnalogT9Kit,127,0,60,,85,C♯5,C♯6,Snare Piccolo,,,kit-specific
17,1,HipHopKit,127,0,57,,86,D5,D6,Snare T8 1,,,kit-specific
17,1,BreakKit,127,0,58,,86,D5,D6,Kick Break 7,,,kit-specific
17,1,AnalogT8Kit,127,0,59,,86,D5,D6,Snare Hip 2,,,kit-specific
17,1,AnalogT9Kit,127,0,60,,86,D5,D6,Snare T8 7,,,kit-specific
17,1,HipHopKit,127,0,57,,87,D♯5,D♯6,Snare T8 1 H,,,kit-specific
17,1,BreakKit,127,0,58,,87,D♯5,D♯6,Hi-Hat Closed Break 3,,,kit-specific
17,1,AnalogT8Kit,127,0,59,,87,D♯5,D♯6,Snare Hip Gate,,,kit-specific
17,1,AnalogT9Kit,127,0,60,,87,D♯5,D♯6,SnareRckRollDist,,,kit-specific
17,1,HipHopKit,127,0,57,,88,E5,E6,HipHop Clap 7,,,kit-specific
17,1,BreakKit,127,0,58,,88,E5,E6,Snare Break 4,,,kit-specific
17,1,AnalogT8Kit,127,0,59,,88,E5,E6,Snare Break 1,,,kit-specific
17,1,AnalogT9Kit,127,0,60,,88,E5,E6,Snare Brush Mute,,,kit-specific
17,1,HipHopKit,127,0,57,,89,F5,F6,Tom T8 1,,,kit-specific
17,1,BreakKit,127,0,58,,89,F5,F6,Snare Break 5,,,kit-specific
17,1,AnalogT8Kit,127,0,59,,89,F5,F6,Kick Blip,,,kit-specific
17,1,AnalogT9Kit,127,0,60,,89,F5,F6,Kick Blip Hard,,,kit-specific
17,1,HipHopKit,127,0,57,,90,F♯5,F♯6,Hi-Hat Closed T8 2,,,kit-specific
17,1,BreakKit,127,0,58,,90,F♯5,F♯6,Snare Break 6,,,kit-specific
17,1,AnalogT8Kit,127,0,59,,90,F♯5,F♯6,Snare Fx 1,,,kit-specific
17,1,AnalogT9Kit,127,0,60,,90,F♯5,F♯6,Snare Jungle 1,,,kit-specific
17,1,HipHopKit,127,0,57,,91,G5,G6,Tom T8 2,,,kit-specific
17,1,BreakKit,127,0,58,,91,G5,G6,Snare Break 7,,,kit-specific
17,1,AnalogT8Kit,127,0,59,,91,G5,G6,Kick Fx Hammer,,,kit-specific
17,1,AnalogT9Kit,127,0,60,,91,G5,G6,Kick Sustain,,,kit-specific
18,1,HouseKit,127,0,61,,13,C♯-1,C♯0,W Kick,,yes,kit-specific
18,1,StudioKit,127,0,87,yes,13,C♯-1,C♯0,Surdo Mute,3,,same as StandardKit1
18,1,PowerKit1,127,0,88,yes,13,C♯-1,C♯0,Surdo Mute,3,,same as StandardKit1
18,1,PowerKit2,127,0,89,yes,13,C♯-1,C♯0,Surdo Mute,3,,same as StandardKit1
18,1,AcousticKit,127,0,90,yes,13,C♯-1,C♯0,Surdo Mute,3,,same as StandardKit1
18,1,HouseKit,127,0,61,,14,D-1,D0,Disco Fx,,yes,kit-specific
18,1,StudioKit,127,0,87,yes,14,D-1,D0,Surdo Open,3,,same as StandardKit1
18,1,PowerKit1,127,0,88,yes,14,D-1,D0,Surdo Open,3,,same as StandardKit1
18,1,PowerKit2,127,0,89,yes,14,D-1,D0,Surdo Open,3,,same as StandardKit1
18,1,AcousticKit,127,0,90,yes,14,D-1,D0,Surdo Open,3,,same as StandardKit1
18,1,HouseKit,127,0,61,,15,D♯-1,D♯0,White Noise Down 1,,yes,kit-specific
18,1,StudioKit,127,0,87,yes,15,D♯-1,D♯0,Hi Q,,,same as StandardKit1
18,1,PowerKit1,127,0,88,yes,15,D♯-1,D♯0,Hi Q,,,same as StandardKit1
18,1,PowerKit2,127,0,89,yes,15,D♯-1,D♯0,Hi Q,,,same as StandardKit1
18,1,AcousticKit,127,0,90,yes,15,D♯-1,D♯0,Hi Q,,,same as StandardKit1
18,1,HouseKit,127,0,61,,16,E-1,E0,Pink Noise Down 1,,yes,kit-specific
18,1,StudioKit,127,0,87,yes,16,E-1,E0,Whip Slap,,,same as StandardKit1
18,1,PowerKit1,127,0,88,yes,16,E-1,E0,Whip Slap,,,same as StandardKit1
18,1,PowerKit2,127,0,89,yes,16,E-1,E0,Whip Slap,,,same as StandardKit1
18,1,AcousticKit,127,0,90,yes,16,E-1,E0,Whip Slap,,,same as StandardKit1
18,1,HouseKit,127,0,61,,17,F-1,F0,White Noise Down 2,4,yes,kit-specific
18,1,StudioKit,127,0,87,yes,17,F-1,F0,Scratch H,4,,same as StandardKit1
18,1,PowerKit1,127,0,88,yes,17,F-1,F0,Scratch H,4,,same as StandardKit1
18,1,PowerKit2,127,0,89,yes,17,F-1,F0,Scratch H,4,,same as StandardKit1
18,1,AcousticKit,127,0,90,yes,17,F-1,F0,Scratch H,4,,same as StandardKit1
18,1,HouseKit,127,0,61,,18,F♯-1,F♯0,Pink Noise Down 2,4,yes,kit-specific
18,1,StudioKit,127,0,87,yes,18,F♯-1,F♯0,Scratch L,4,,same as StandardKit1
18,1,PowerKit1,127,0,88,yes,18,F♯-1,F♯0,Scratch L,4,,same as StandardKit1
18,1,PowerKit2,127,0,89,yes,18,F♯-1,F♯0,Scratch L,4,,same as StandardKit1
18,1,AcousticKit,127,0,90,yes,18,F♯-1,F♯0,Scratch L,4,,same as StandardKit1
18,1,HouseKit,127,0,61,,19,G-1,G0,White Noise Up 2,,yes,kit-specific
18,1,StudioKit,127,0,87,yes,19,G-1,G0,Finger Snap,,,same as StandardKit1
18,1,PowerKit1,127,0,88,yes,19,G-1,G0,Finger Snap,,,same as StandardKit1
18,1,PowerKit2,127,0,89,yes,19,G-1,G0,Finger Snap,,,same as StandardKit1
18,1,AcousticKit,127,0,90,yes,19,G-1,G0,Finger Snap,,,same as StandardKit1
18,1,HouseKit,127,0,61,,20,G♯-1,G♯0,White Noise Up 1,,yes,kit-specific
18,1,StudioKit,127,0,87,yes,20,G♯-1,G♯0,Click Noise,,,same as StandardKit1
18,1,PowerKit1,127,0,88,yes,20,G♯-1,G♯0,Click Noise,,,same as StandardKit1
18,1,PowerKit2,127,0,89,yes,20,G♯-1,G♯0,Click Noise,,,same as StandardKit1
18,1,AcousticKit,127,0,90,yes,20,G♯-1,G♯0,Click Noise,,,same as StandardKit1
18,1,HouseKit,127,0,61,,21,A-1,A0,Pink Noise Up,,yes,kit-specific
18,1,StudioKit,127,0,87,yes,21,A-1,A0,Metronome Click,,,same as StandardKit1
18,1,PowerKit1,127,0,88,yes,21,A-1,A0,Metronome Click,,,same as StandardKit1
18,1,PowerKit2,127,0,89,yes,21,A-1,A0,Metronome Click,,,same as StandardKit1
18,1,AcousticKit,127,0,90,yes,21,A-1,A0,Metronome Click,,,same as StandardKit1
18,1,HouseKit,127,0,61,,22,A♯-1,A♯0,White Noise Up Release,,yes,kit-specific
18,1,StudioKit,127,0,87,yes,22,A♯-1,A♯0,Metronome Bell,,,same as StandardKit1
18,1,PowerKit1,127,0,88,yes,22,A♯-1,A♯0,Metronome Bell,,,same as StandardKit1
18,1,PowerKit2,127,0,89,yes,22,A♯-1,A♯0,Metronome Bell,,,same as StandardKit1
18,1,AcousticKit,127,0,90,yes,22,A♯-1,A♯0,Metronome Bell,,,same as StandardKit1
18,1,HouseKit,127,0,61,,23,B-1,B0,Pink Noise Up Release,,yes,kit-specific
18,1,StudioKit,127,0,87,yes,23,B-1,B0,Seq Click L,,,same as StandardKit1
18,1,PowerKit1,127,0,88,yes,23,B-1,B0,Seq Click L,,,same as StandardKit1
18,1,PowerKit2,127,0,89,yes,23,B-1,B0,Seq Click L,,,same as StandardKit1
18,1,AcousticKit,127,0,90,yes,23,B-1,B0,Seq Click L,,,same as StandardKit1
18,1,HouseKit,127,0,61,,24,C0,C1,Kick T9 4,,,kit-specific
18,1,StudioKit,127,0,87,yes,24,C0,C1,Seq Click H,,,same as StandardKit1
18,1,PowerKit1,127,0,88,yes,24,C0,C1,Seq Click H,,,same as StandardKit1
18,1,PowerKit2,127,0,89,yes,24,C0,C1,Seq Click H,,,same as StandardKit1
18,1,AcousticKit,127,0,90,yes,24,C0,C1,Seq Click H,,,same as StandardKit1
18,1,HouseKit,127,0,61,,25,C♯0,C♯1,Snare T8 Rim,,,kit-specific
18,1,StudioKit,127,0,87,yes,25,C♯0,C♯1,Brush Tap,,,same as StandardKit1
18,1,PowerKit1,127,0,88,yes,25,C♯0,C♯1,Brush Tap,,,same as StandardKit1
18,1,PowerKit2,127,0,89,yes,25,C♯0,C♯1,Brush Tap,,,same as StandardKit1
18,1,AcousticKit,127,0,90,yes,25,C♯0,C♯1,Brush Tap,,,same as StandardKit1
18,1,HouseKit,127,0,61,,26,D0,D1,Snare T8 5,,,kit-specific
18,1,StudioKit,127,0,87,yes,26,D0,D1,Brush Swirl,,yes,same as StandardKit1
18,1,PowerKit1,127,0,88,yes,26,D0,D1,Brush Swirl,,yes,same as StandardKit1
18,1,PowerKit2,127,0,89,yes,26,D0,D1,Brush Swirl,,yes,same as StandardKit1
18,1,AcousticKit,127,0,90,yes,26,D0,D1,Brush Swirl,,yes,same as StandardKit1
18,1,HouseKit,127,0,61,,27,D♯0,D♯1,Hand Clap,,,kit-specific
18,1,StudioKit,127,0,87,yes,27,D♯0,D♯1,Brush Slap,,,same as StandardKit1
18,1,PowerKit1,127,0,88,yes,27,D♯0,D♯1,Brush Slap,,,same as StandardKit1
18,1,PowerKit2,127,0,89,yes,27,D♯0,D♯1,Brush Slap,,,same as StandardKit1
18,1,AcousticKit,127,0,90,yes,27,D♯0,D♯1,Brush Slap,,,same as StandardKit1
18,1,HouseKit,127,0,61,,28,E0,E1,Snare Garg L,,,kit-specific
18,1,StudioKit,127,0,87,yes,28,E0,E1,Brush Tap Swirl,,yes,same as StandardKit1
18,1,PowerKit1,127,0,88,yes,28,E0,E1,Brush Tap Swirl,,yes,same as StandardKit1
18,1,PowerKit2,127,0,89,yes,28,E0,E1,Brush Tap Swirl,,yes,same as StandardKit1
18,1,AcousticKit,127,0,90,yes,28,E0,E1,Brush Tap Swirl,,yes,same as StandardKit1
18,1,HouseKit,127,0,61,,29,F0,F1,Snare Roll,,yes,same as StandardKit1
18,1,StudioKit,127,0,87,yes,29,F0,F1,Snare Roll,,yes,same as StandardKit1
18,1,PowerKit1,127,0,88,yes,29,F0,F1,Snare Roll,,yes,same as StandardKit1
18,1,PowerKit2,127,0,89,yes,29,F0,F1,Snare Roll,,yes,same as StandardKit1
18,1,AcousticKit,127,0,90,yes,29,F0,F1,Snare Roll Acoustic,,yes,kit-specific
18,1,HouseKit,127,0,61,,30,F♯0,F♯1,Snare T9 3,,,kit-specific
18,1,StudioKit,127,0,87,yes,30,F♯0,F♯1,Castanet,,,same as StandardKit1
18,1,PowerKit1,127,0,88,yes,30,F♯0,F♯1,Castanet,,,same as StandardKit1
18,1,PowerKit2,127,0,89,yes,30,F♯0,F♯1,Castanet,,,same as StandardKit1
18,1,AcousticKit,127,0,90,yes,30,F♯0,F♯1,Castanet,,,same as StandardKit1
18,1,HouseKit,127,0,61,,31,G0,G1,Snare T8 1,,,kit-specific
18,1,StudioKit,127,0,87,yes,31,G0,G1,Snare Studio 2,,,kit-specific
18,1,PowerKit1,127,0,88,yes,31,G0,G1,Snare Soft Power 1,,,kit-specific
18,1,PowerKit2,127,0,89,yes,31,G0,G1,Snare Soft Power 2,,,kit-specific
18,1,AcousticKit,127,0,90,yes,31,G0,G1,Snare Soft Acoustic,,,kit-specific
18,1,HouseKit,127,0,61,,32,G♯0,G♯1,Snare T9 5,,,kit-specific
18,1,StudioKit,127,0,87,yes,32,G♯0,G♯1,Sticks,,,same as StandardKit1
18,1,PowerKit1,127,0,88,yes,32,G♯0,G♯1,Sticks,,,same as StandardKit1
18,1,PowerKit2,127,0,89,yes,32,G♯0,G♯1,Sticks,,,same as StandardKit1
18,1,AcousticKit,127,0,90,yes,32,G♯0,G♯1,Sticks,,,same as StandardKit1
18,1,HouseKit,127,0,61,,33,A0,A1,Kick T9 1,,,kit-specific
18,1,StudioKit,127,0,87,yes,33,A0,A1,Kick Ambience H,,,kit-specific
18,1,PowerKit1,127,0,88,yes,33,A0,A1,Kick Ambient+,,,kit-specific
18,1,PowerKit2,127,0,89,yes,33,A0,A1,Kick Ambient+,,,kit-specific
18,1,AcousticKit,127,0,90,yes,33,A0,A1,Kick Soft Acoustic,,,kit-specific
18,1,HouseKit,127,0,61,,34,A♯0,A♯1,Snare T9 Gate,,,kit-specific
18,1,StudioKit,127,0,87,yes,34,A♯0,A♯1,Open Rim Shot,,,same as StandardKit1
18,1,PowerKit1,127,0,88,yes,34,A♯0,A♯1,Open Rim Power 1,,,kit-specific
18,1,PowerKit2,127,0,89,yes,34,A♯0,A♯1,Open Rim Power 2,,,kit-specific
18,1,AcousticKit,127,0,90,yes,34,A♯0,A♯1,Rim Acoustic,,,kit-specific
18,1,HouseKit,127,0,61,,35,B0,B1,Kick T9 2,,,kit-specific
18,1,StudioKit,127,0,87,yes,35,B0,B1,Kick Ambience L,,,kit-specific
18,1,PowerKit1,127,0,88,yes,35,B0,B1,Kick Power Open,,,kit-specific
18,1,PowerKit2,127,0,89,yes,35,B0,B1,Kick Power Open,,,kit-specific
18,1,AcousticKit,127,0,90,yes,35,B0,B1,Kick Mute Acoustic,,,kit-specific
18,1,HouseKit,127,0,61,,36,C1,C2,Kick T9 5,,,kit-specific
18,1,StudioKit,127,0,87,yes,36,C1,C2,Kick Studio,,,kit-specific
18,1,PowerKit1,127,0,88,yes,36,C1,C2,Kick Power Mute,,,kit-specific
18,1,PowerKit2,127,0,89,yes,36,C1,C2,Kick Power Mute,,,kit-specific
18,1,AcousticKit,127,0,90,yes,36,C1,C2,Kick Open Acoustic,,,kit-specific
18,1,HouseKit,127,0,61,,37,C♯1,C♯2,Snare T9 Rim,,,kit-specific
18,1,StudioKit,127,0,87,yes,37,C♯1,C♯2,Side Stick,,,same as StandardKit1
18,1,PowerKit1,127,0,88,yes,37,C♯1,C♯2,Side Stick Power,,,kit-specific
18,1,PowerKit2,127,0,89,yes,37,C♯1,C♯2,Side Stick Power,,,kit-specific
18,1,AcousticKit,127,0,90,yes,37,C♯1,C♯2,Stick Acoustic,,,kit-specific
18,1,HouseKit,127,0,61,,38,D1,D2,Snare T9 1,,,kit-specific
18,1,StudioKit,127,0,87,yes,38,D1,D2,Snare Studio M,,,kit-specific
18,1,PowerKit1,127,0,88,yes,38,D1,D2,Snare Power 1,,,kit-specific
18,1,PowerKit2,127,0,89,yes,38,D1,D2,Snare Power 2,,,kit-specific
18,1,AcousticKit,127,0,90,yes,38,D1,D2,Snare Acoustic,,,kit-specific
18,1,HouseKit,127,0,61,,39,D♯1,D♯2,Clap T9,,,kit-specific
18,1,StudioKit,127,0,87,yes,39,D♯1,D♯2,Hand Clap,,,same as StandardKit1
18,1,PowerKit1,127,0,88,yes,39,D♯1,D♯2,Hand Clap Power,,,kit-specific
18,1,PowerKit2,127,0,89,yes,39,D♯1,D♯2,Hand Clap Power,,,kit-specific
18,1,AcousticKit,127,0,90,yes,39,D♯1,D♯2,Hand Clap Power,,,kit-specific
18,1,HouseKit,127,0,61,,40,E1,E2,Snare T9 2,,,kit-specific
18,1,StudioKit,127,0,87,yes,40,E1,E2,Snare Studio L,,,kit-specific
18,1,PowerKit1,127,0,88,yes,40,E1,E2,Snare Rough,,,kit-specific
18,1,PowerKit2,127,0,89,yes,40,E1,E2,Snare Loose,,,kit-specific
18,1,AcousticKit,127,0,90,yes,40,E1,E2,Snare Rough Acoustic,,,kit-specific
18,1,HouseKit,127,0,61,,41,F1,F2,Tom T9 1,,,kit-specific
18,1,StudioKit,127,0,87,yes,41,F1,F2,Floor Tom L,,,same as StandardKit1
18,1,PowerKit1,127,0,88,yes,41,F1,F2,Tom Power 1,,,kit-specific
18,1,PowerKit2,127,0,89,yes,41,F1,F2,Tom Power 1,,,kit-specific
18,1,AcousticKit,127,0,90,yes,41,F1,F2,Tom Acoustic 1,,,kit-specific
18,1,HouseKit,127,0,61,,42,F♯1,F♯2,Hi-Hat Closed T8,1,,kit-specific
18,1,StudioKit,127,0,87,yes,42,F♯1,F♯2,Hi-Hat Closed,1,,same as StandardKit1
18,1,PowerKit1,127,0,88,yes,42,F♯1,F♯2,Hi-Hat Closed Power,1,,kit-specific
18,1,PowerKit2,127,0,89,yes,42,F♯1,F♯2,Hi-Hat Closed Power+Edge,1,,kit-specific
18,1,AcousticKit,127,0,90,yes,42,F♯1,F♯2,Hi-Hat Closed Acoustic,1,,kit-specific
18,1,HouseKit,127,0,61,,43,G1,G2,Tom T9 2,,,kit-specific
18,1,StudioKit,127,0,87,yes,43,G1,G2,Floor Tom H,,,same as StandardKit1
18,1,PowerKit1,127,0,88,yes,43,G1,G2,Tom Power 2,,,kit-specific
18,1,PowerKit2,127,0,89,yes,43,G1,G2,Tom Power 2,,,kit-specific
18,1,AcousticKit,127,0,90,yes,43,G1,G2,Tom Acoustic 2,,,kit-specific
18,1,HouseKit,127,0,61,,44,G♯1,G♯2,Hi-Hat Pedal T9,1,,kit-specific
18,1,StudioKit,127,0,87,yes,44,G♯1,G♯2,Hi-Hat Pedal,1,,same as StandardKit1
18,1,PowerKit1,127,0,88,yes,44,G♯1,G♯2,Hi-Hat Pedal Power,1,,kit-specific
18,1,PowerKit2,127,0,89,yes,44,G♯1,G♯2,Hi-Hat Pedal Power,1,,kit-specific
18,1,AcousticKit,127,0,90,yes,44,G♯1,G♯2,Hi-Hat Pedal Acoustic,1,,kit-specific
18,1,HouseKit,127,0,61,,45,A1,A2,Tom T9 3,,,kit-specific
18,1,StudioKit,127,0,87,yes,45,A1,A2,Low Tom,,,same as StandardKit1
18,1,PowerKit1,127,0,88,yes,45,A1,A2,Tom Power 3,,,kit-specific
18,1,PowerKit2,127,0,89,yes,45,A1,A2,Tom Power 3,,,kit-specific
18,1,AcousticKit,127,0,90,yes,45,A1,A2,Tom Acoustic 3,,,kit-specific
18,1,HouseKit,127,0,61,,46,A♯1,A♯2,Hi-Hat Open T9,1,,kit-specific
18,1,StudioKit,127,0,87,yes,46,A♯1,A♯2,Hi-Hat Open,1,,same as StandardKit1
18,1,PowerKit1,127,0,88,yes,46,A♯1,A♯2,Hi-Hat Open Power,1,,kit-specific
18,1,PowerKit2,127,0,89,yes,46,A♯1,A♯2,Hi-Hat Open Power,1,,kit-specific
18,1,AcousticKit,127,0,90,yes,46,A♯1,A♯2,Hi-Hat Open Acoustic,1,,kit-specific
18,1,HouseKit,127,0,61,,47,B1,B2,Tom T9 4,,,kit-specific
18,1,StudioKit,127,0,87,yes,47,B1,B2,Mid Tom L,,,same as StandardKit1
18,1,PowerKit1,127,0,88,yes,47,B1,B2,Tom Power 4,,,kit-specific
18,1,PowerKit2,127,0,89,yes,47,B1,B2,Tom Power 4,,,kit-specific
18,1,AcousticKit,127,0,90,yes,47,B1,B2,Tom Acoustic 4,,,kit-specific
18,1,HouseKit,127,0,61,,48,C2,C3,Tom T9 5,,,kit-specific
18,1,StudioKit,127,0,87,yes,48,C2,C3,Mid Tom H,,,same as StandardKit1
18,1,PowerKit1,127,0,88,yes,48,C2,C3,Tom Power 5,,,kit-specific
18,1,PowerKit2,127,0,89,yes,48,C2,C3,Tom Power 5,,,kit-specific
18,1,AcousticKit,127,0,90,yes,48,C2,C3,Tom Acoustic 5,,,kit-specific
18,1,HouseKit,127,0,61,,49,C♯2,C♯3,Crash Cymbal T9,,,kit-specific
18,1,StudioKit,127,0,87,yes,49,C♯2,C♯3,Crash Cymbal 1,,,same as StandardKit1
18,1,PowerKit1,127,0,88,yes,49,C♯2,C♯3,Crash Cymbal Acoustic 1,,,kit-specific
18,1,PowerKit2,127,0,89,yes,49,C♯2,C♯3,Crash Cymbal Acoustic 1,,,kit-specific
18,1,AcousticKit,127,0,90,yes,49,C♯2,C♯3,Crash Cymbal Acoustic 1,,,kit-specific
18,1,HouseKit,127,0,61,,50,D2,D3,Tom T9 6,,,kit-specific
18,1,StudioKit,127,0,87,yes,50,D2,D3,High Tom,,,same as StandardKit1
18,1,PowerKit1,127,0,88,yes,50,D2,D3,Tom Power 6,,,kit-specific
18,1,PowerKit2,127,0,89,yes,50,D2,D3,Tom Power 6,,,kit-specific
18,1,AcousticKit,127,0,90,yes,50,D2,D3,Tom Acoustic 6,,,kit-specific
18,1,HouseKit,127,0,61,,51,D♯2,D♯3,Ride Cymbal T9,,,kit-specific
18,1,StudioKit,127,0,87,yes,51,D♯2,D♯3,Ride Cymbal 1,,,same as StandardKit1
18,1,PowerKit1,127,0,88,yes,51,D♯2,D♯3,Ride Cymbal Acoustic 1,,,kit-specific
18,1,PowerKit2,127,0,89,yes,51,D♯2,D♯3,Ride Cymbal Acoustic 1,,,kit-specific
18,1,AcousticKit,127,0,90,yes,51,D♯2,D♯3,Ride Cymbal Acoustic 1,,,kit-specific
18,1,HouseKit,127,0,61,,52,E2,E3,Crash Cymbal 4,,,kit-specific
18,1,StudioKit,127,0,87,yes,52,E2,E3,Chinese Cymbal,,,same as StandardKit1
18,1,PowerKit1,127,0,88,yes,52,E2,E3,China Cymbal Acoustic,,,kit-specific
18,1,PowerKit2,127,0,89,yes,52,E2,E3,China Cymbal Acoustic,,,kit-specific
18,1,AcousticKit,127,0,90,yes,52,E2,E3,China Cymbal Acoustic,,,kit-specific
18,1,HouseKit,127,0,61,,53,F2,F3,Ride Cymbal Cup 2,,,kit-specific
18,1,StudioKit,127,0,87,yes,53,F2,F3,Ride Cymbal Cup,,,same as StandardKit1
18,1,PowerKit1,127,0,88,yes,53,F2,F3,Ride Cymbal Cup Acoustic,,,kit-specific
18,1,PowerKit2,127,0,89,yes,53,F2,F3,Ride Cymbal Cup Acoustic,,,kit-specific
18,1,AcousticKit,127,0,90,yes,53,F2,F3,Ride Cymbal Cup Acoustic,,,kit-specific
18,1,HouseKit,127,0,61,,54,F♯2,F♯3,Tambourine Hit,,,kit-specific
18,1,StudioKit,127,0,87,yes,54,F♯2,F♯3,Tambourine,,,same as StandardKit1
18,1,PowerKit1,127,0,88,yes,54,F♯2,F♯3,Tambourine,,,same as StandardKit1
18,1,PowerKit2,127,0,89,yes,54,F♯2,F♯3,Tambourine,,,same as StandardKit1
18,1,AcousticKit,127,0,90,yes,54,F♯2,F♯3,Tambourine,,,same as StandardKit1
18,1,HouseKit,127,0,61,,55,G2,G3,Splash Cymbal 2,,,kit-specific
18,1,StudioKit,127,0,87,yes,55,G2,G3,Splash Cymbal,,,same as StandardKit1
18,1,PowerKit1,127,0,88,yes,55,G2,G3,Splash Cymbal Acoustic,,,kit-specific
18,1,PowerKit2,127,0,89,yes,55,G2,G3,Splash Cymbal Acoustic,,,kit-specific
18,1,AcousticKit,127,0,90,yes,55,G2,G3,Splash Cymbal Acoustic,,,kit-specific
18,1,HouseKit,127,0,61,,56,G♯2,G♯3,Cowbell 1,,,kit-specific
18,1,StudioKit,127,0,87,yes,56,G♯2,G♯3,Cowbell,,,same as StandardKit1
18,1,PowerKit1,127,0,88,yes,56,G♯2,G♯3,Cowbell,,,same as StandardKit1
18,1,PowerKit2,127,0,89,yes,56,G♯2,G♯3,Cowbell,,,same as StandardKit1
18,1,AcousticKit,127,0,90,yes,56,G♯2,G♯3,Cowbell,,,same as StandardKit1
18,1,HouseKit,127,0,61,,57,A2,A3,Crash Cymbal 2,,,same as StandardKit1
18,1,StudioKit,127,0,87,yes,57,A2,A3,Crash Cymbal 2,,,same as StandardKit1
18,1,PowerKit1,127,0,88,yes,57,A2,A3,Crash Cymbal Acoustic 2,,,kit-specific
18,1,PowerKit2,127,0,89,yes,57,A2,A3,Crash Cymbal Acoustic 2,,,kit-specific
18,1,AcousticKit,127,0,90,yes,57,A2,A3,Crash Cymbal Acoustic 2,,,kit-specific
18,1,HouseKit,127,0,61,,58,A♯2,A♯3,Cowbell T8,,,kit-specific
18,1,StudioKit,127,0,87,yes,58,A♯2,A♯3,Vibraslap,,,same as StandardKit1
18,1,PowerKit1,127,0,88,yes,58,A♯2,A♯3,Vibraslap,,,same as StandardKit1
18,1,PowerKit2,127,0,89,yes,58,A♯2,A♯3,Vibraslap,,,same as StandardKit1
18,1,AcousticKit,127,0,90,yes,58,A♯2,A♯3,Vibraslap,,,same as StandardKit1
18,1,HouseKit,127,0,61,,59,B2,B3,Ride Cymbal 3,,,kit-specific
18,1,StudioKit,127,0,87,yes,59,B2,B3,Ride Cymbal 2,,,same as StandardKit1
18,1,PowerKit1,127,0,88,yes,59,B2,B3,Ride Cymbal Acoustic 2,,,kit-specific
18,1,PowerKit2,127,0,89,yes,59,B2,B3,Ride Cymbal Acoustic 2,,,kit-specific
18,1,AcousticKit,127,0,90,yes,59,B2,B3,Ride Cymbal Acoustic 2,,,kit-specific
18,1,HouseKit,127,0,61,,60,C3,C4,Bongo H Open One Finger,,,kit-specific
18,1,StudioKit,127,0,87,yes,60,C3,C4,Bongo H,,,same as StandardKit1
18,1,PowerKit1,127,0,88,yes,60,C3,C4,Bongo H,,,same as StandardKit1
18,1,PowerKit2,127,0,89,yes,60,C3,C4,Bongo H,,,same as StandardKit1
18,1,AcousticKit,127,0,90,yes,60,C3,C4,Bongo H,,,same as StandardKit1
18,1,HouseKit,127,0,61,,61,C♯3,C♯4,Bongo L Open Three Finger,,,kit-specific
18,1,StudioKit,127,0,87,yes,61,C♯3,C♯4,Bongo L,,,same as StandardKit1
18,1,PowerKit1,127,0,88,yes,61,C♯3,C♯4,Bongo L,,,same as StandardKit1
18,1,PowerKit2,127,0,89,yes,61,C♯3,C♯4,Bongo L,,,same as StandardKit1
18,1,AcousticKit,127,0,90,yes,61,C♯3,C♯4,Bongo L,,,same as StandardKit1
18,1,HouseKit,127,0,61,,62,D3,D4,Conga H Tip,,,kit-specific
18,1,StudioKit,127,0,87,yes,62,D3,D4,Conga H Mute,,,same as StandardKit1
18,1,PowerKit1,127,0,88,yes,62,D3,D4,Conga H Mute,,,same as StandardKit1
18,1,PowerKit2,127,0,89,yes,62,D3,D4,Conga H Mute,,,same as StandardKit1
18,1,AcousticKit,127,0,90,yes,62,D3,D4,Conga H Mute,,,same as StandardKit1
18,1,HouseKit,127,0,61,,63,D♯3,D♯4,Conga H Slap Open,,,kit-specific
18,1,StudioKit,127,0,87,yes,63,D♯3,D♯4,Conga H Open,,,same as StandardKit1
18,1,PowerKit1,127,0,88,yes,63,D♯3,D♯4,Conga H Open,,,same as StandardKit1
18,1,PowerKit2,127,0,89,yes,63,D♯3,D♯4,Conga H Open,,,same as StandardKit1
18,1,AcousticKit,127,0,90,yes,63,D♯3,D♯4,Conga H Open,,,same as StandardKit1
18,1,HouseKit,127,0,61,,64,E3,E4,Conga H Open 2,,,kit-specific
18,1,StudioKit,127,0,87,yes,64,E3,E4,Conga L,,,same as StandardKit1
18,1,PowerKit1,127,0,88,yes,64,E3,E4,Conga L,,,same as StandardKit1
18,1,PowerKit2,127,0,89,yes,64,E3,E4,Conga L,,,same as StandardKit1
18,1,AcousticKit,127,0,90,yes,64,E3,E4,Conga L,,,same as StandardKit1
18,1,HouseKit,127,0,61,,65,F3,F4,Timbale H,,,same as StandardKit1
18,1,StudioKit,127,0,87,yes,65,F3,F4,Timbale H,,,same as StandardKit1
18,1,PowerKit1,127,0,88,yes,65,F3,F4,Timbale H,,,same as StandardKit1
18,1,PowerKit2,127,0,89,yes,65,F3,F4,Timbale H,,,same as StandardKit1
18,1,AcousticKit,127,0,90,yes,65,F3,F4,Timbale H,,,same as StandardKit1
18,1,HouseKit,127,0,61,,66,F♯3,F♯4,Timbale L,,,same as StandardKit1
18,1,StudioKit,127,0,87,yes,66,F♯3,F♯4,Timbale L,,,same as StandardKit1
18,1,PowerKit1,127,0,88,yes,66,F♯3,F♯4,Timbale L,,,same as StandardKit1
18,1,PowerKit2,127,0,89,yes,66,F♯3,F♯4,Timbale L,,,same as StandardKit1
18,1,AcousticKit,127,0,90,yes,66,F♯3,F♯4,Timbale L,,,same as StandardKit1
18,1,HouseKit,127,0,61,,67,G3,G4,Agogo H,,,same as StandardKit1
18,1,StudioKit,127,0,87,yes,67,G3,G4,Agogo H,,,same as StandardKit1
18,1,PowerKit1,127,0,88,yes,67,G3,G4,Agogo H,,,same as StandardKit1
18,1,PowerKit2,127,0,89,yes,67,G3,G4,Agogo H,,,same as StandardKit1
18,1,AcousticKit,127,0,90,yes,67,G3,G4,Agogo H,,,same as StandardKit1
18,1,HouseKit,127,0,61,,68,G♯3,G♯4,Agogo L,,,same as StandardKit1
18,1,StudioKit,127,0,87,yes,68,G♯3,G♯4,Agogo L,,,same as StandardKit1
18,1,PowerKit1,127,0,88,yes,68,G♯3,G♯4,Agogo L,,,same as StandardKit1
18,1,PowerKit2,127,0,89,yes,68,G♯3,G♯4,Agogo L,,,same as StandardKit1
18,1,AcousticKit,127,0,90,yes,68,G♯3,G♯4,Agogo L,,,same as StandardKit1
18,1,HouseKit,127,0,61,,69,A3,A4,Cabasa,,,same as StandardKit1
18,1,StudioKit,127,0,87,yes,69,A3,A4,Cabasa,,,same as StandardKit1
18,1,PowerKit1,127,0,88,yes,69,A3,A4,Cabasa,,,same as StandardKit1
18,1,PowerKit2,127,0,89,yes,69,A3,A4,Cabasa,,,same as StandardKit1
18,1,AcousticKit,127,0,90,yes,69,A3,A4,Cabasa,,,same as StandardKit1
18,1,HouseKit,127,0,61,,70,A♯3,A♯4,Maracas Slur 2,,,kit-specific
18,1,StudioKit,127,0,87,yes,70,A♯3,A♯4,Maracas,,,same as StandardKit1
18,1,PowerKit1,127,0,88,yes,70,A♯3,A♯4,Maracas,,,same as StandardKit1
18,1,PowerKit2,127,0,89,yes,70,A♯3,A♯4,Maracas,,,same as StandardKit1
18,1,AcousticKit,127,0,90,yes,70,A♯3,A♯4,Maracas,,,same as StandardKit1
18,1,HouseKit,127,0,61,,71,B3,B4,Vox Drum L,,,kit-specific
18,1,StudioKit,127,0,87,yes,71,B3,B4,Samba Whistle H,,yes,same as StandardKit1
18,1,PowerKit1,127,0,88,yes,71,B3,B4,Samba Whistle H,,yes,same as StandardKit1
18,1,PowerKit2,127,0,89,yes,71,B3,B4,Samba Whistle H,,yes,same as StandardKit1
18,1,AcousticKit,127,0,90,yes,71,B3,B4,Samba Whistle H,,yes,same as StandardKit1
18,1,HouseKit,127,0,61,,72,C4,C5,Vox Drum H,,,kit-specific
18,1,StudioKit,127,0,87,yes,72,C4,C5,Samba Whistle L,,yes,same as StandardKit1
18,1,PowerKit1,127,0,88,yes,72,C4,C5,Samba Whistle L,,yes,same as StandardKit1
18,1,PowerKit2,127,0,89,yes,72,C4,C5,Samba Whistle L,,yes,same as StandardKit1
18,1,AcousticKit,127,0,90,yes,72,C4,C5,Samba Whistle L,,yes,same as StandardKit1
18,1,HouseKit,127,0,61,,73,C♯4,C♯5,Guiro Short,,,same as StandardKit1
18,1,StudioKit,127,0,87,yes,73,C♯4,C♯5,Guiro Short,,,same as StandardKit1
18,1,PowerKit1,127,0,88,yes,73,C♯4,C♯5,Guiro Short,,,same as StandardKit1
18,1,PowerKit2,127,0,89,yes,73,C♯4,C♯5,Guiro Short,,,same as StandardKit1
18,1,AcousticKit,127,0,90,yes,73,C♯4,C♯5,Guiro Short,,,same as StandardKit1
18,1,HouseKit,127,0,61,,74,D4,D5,Guiro Long,,yes,same as StandardKit1
18,1,StudioKit,127,0,87,yes,74,D4,D5,Guiro Long,,yes,same as StandardKit1
18,1,PowerKit1,127,0,88,yes,74,D4,D5,Guiro Long,,yes,same as StandardKit1
18,1,PowerKit2,127,0,89,yes,74,D4,D5,Guiro Long,,yes,same as StandardKit1
18,1,AcousticKit,127,0,90,yes,74,D4,D5,Guiro Long,,yes,same as StandardKit1
18,1,HouseKit,127,0,61,,75,D♯4,D♯5,Claves,,,same as StandardKit1
18,1,StudioKit,127,0,87,yes,75,D♯4,D♯5,Claves,,,same as StandardKit1
18,1,PowerKit1,127,0,88,yes,75,D♯4,D♯5,Claves,,,same as StandardKit1
18,1,PowerKit2,127,0,89,yes,75,D♯4,D♯5,Claves,,,same as StandardKit1
18,1,AcousticKit,127,0,90,yes,75,D♯4,D♯5,Claves,,,same as StandardKit1
18,1,HouseKit,127,0,61,,76,E4,E5,Wood Block H,,,same as StandardKit1
18,1,StudioKit,127,0,87,yes,76,E4,E5,Wood Block H,,,same as StandardKit1
18,1,PowerKit1,127,0,88,yes,76,E4,E5,Wood Block H,,,same as StandardKit1
18,1,PowerKit2,127,0,89,yes,76,E4,E5,Wood Block H,,,same as StandardKit1
18,1,AcousticKit,127,0,90,yes,76,E4,E5,Wood Block H,,,same as StandardKit1
18,1,HouseKit,127,0,61,,77,F4,F5,Wood Block L,,,same as StandardKit1
18,1,StudioKit,127,0,87,yes,77,F4,F5,Wood Block L,,,same as StandardKit1
18,1,PowerKit1,127,0,88,yes,77,F4,F5,Wood Block L,,,same as StandardKit1
18,1,PowerKit2,127,0,89,yes,77,F4,F5,Wood Block L,,,same as StandardKit1
18,1,AcousticKit,127,0,90,yes,77,F4,F5,Wood Block L,,,same as StandardKit1
18,1,HouseKit,127,0,61,,78,F♯4,F♯5,Cuica H,,,kit-specific
18,1,StudioKit,127,0,87,yes,78,F♯4,F♯5,Cuica Mute,,,same as StandardKit1
18,1,PowerKit1,127,0,88,yes,78,F♯4,F♯5,Cuica Mute,,,same as StandardKit1
18,1,PowerKit2,127,0,89,yes,78,F♯4,F♯5,Cuica Mute,,,same as StandardKit1
18,1,AcousticKit,127,0,90,yes,78,F♯4,F♯5,Cuica Mute,,,same as StandardKit1
18,1,HouseKit,127,0,61,,79,G4,G5,Cuica L,,,kit-specific
18,1,StudioKit,127,0,87,yes,79,G4,G5,Cuica Open,,,same as StandardKit1
18,1,PowerKit1,127,0,88,yes,79,G4,G5,Cuica Open,,,same as StandardKit1
18,1,PowerKit2,127,0,89,yes,79,G4,G5,Cuica Open,,,same as StandardKit1
18,1,AcousticKit,127,0,90,yes,79,G4,G5,Cuica Open,,,same as StandardKit1
18,1,HouseKit,127,0,61,,80,G♯4,G♯5,Triangle Mute,2,,same as StandardKit1
18,1,StudioKit,127,0,87,yes,80,G♯4,G♯5,Triangle Mute,2,,same as StandardKit1
18,1,PowerKit1,127,0,88,yes,80,G♯4,G♯5,Triangle Mute,2,,same as StandardKit1
18,1,PowerKit2,127,0,89,yes,80,G♯4,G♯5,Triangle Mute,2,,same as StandardKit1
18,1,AcousticKit,127,0,90,yes,80,G♯4,G♯5,Triangle Mute,2,,same as StandardKit1
18,1,HouseKit,127,0,61,,81,A4,A5,Triangle Open,2,,same as StandardKit1
18,1,StudioKit,127,0,87,yes,81,A4,A5,Triangle Open,2,,same as StandardKit1
18,1,PowerKit1,127,0,88,yes,81,A4,A5,Triangle Open,2,,same as StandardKit1
18,1,PowerKit2,127,0,89,yes,81,A4,A5,Triangle Open,2,,same as StandardKit1
18,1,AcousticKit,127,0,90,yes,81,A4,A5,Triangle Open,2,,same as StandardKit1
18,1,HouseKit,127,0,61,,82,A♯4,A♯5,Analog Shaker,,,kit-specific
18,1,StudioKit,127,0,87,yes,82,A♯4,A♯5,Shaker,,,same as StandardKit1
18,1,PowerKit1,127,0,88,yes,82,A♯4,A♯5,Shaker,,,same as StandardKit1
18,1,PowerKit2,127,0,89,yes,82,A♯4,A♯5,Shaker,,,same as StandardKit1
18,1,AcousticKit,127,0,90,yes,82,A♯4,A♯5,Shaker,,,same as StandardKit1
18,1,HouseKit,127,0,61,,83,B4,B5,Jingle Bells,,,same as StandardKit1
18,1,StudioKit,127,0,87,yes,83,B4,B5,Jingle Bells,,,same as StandardKit1
18,1,PowerKit1,127,0,88,yes,83,B4,B5,Jingle Bells,,,same as StandardKit1
18,1,PowerKit2,127,0,89,yes,83,B4,B5,Jingle Bells,,,same as StandardKit1
18,1,AcousticKit,127,0,90,yes,83,B4,B5,Jingle Bells,,,same as StandardKit1
18,1,HouseKit,127,0,61,,84,C5,C6,Wind Chime,,,kit-specific
18,1,StudioKit,127,0,87,yes,84,C5,C6,Bell Tree,,,same as StandardKit1
18,1,PowerKit1,127,0,88,yes,84,C5,C6,Wind Chime,,,kit-specific
18,1,PowerKit2,127,0,89,yes,84,C5,C6,Wind Chime,,,kit-specific
18,1,AcousticKit,127,0,90,yes,84,C5,C6,Wind Chime,,,kit-specific
18,1,HouseKit,127,0,61,,85,C♯5,C♯6,Snare Break Roll,,,kit-specific
18,1,HouseKit,127,0,61,,86,D5,D6,Noise Burst,,,kit-specific
18,1,HouseKit,127,0,61,,87,D♯5,D♯6,Vox Bell,,,kit-specific
18,1,HouseKit,127,0,61,,88,E5,E6,Snare R&B 1,,,kit-specific
18,1,HouseKit,127,0,61,,89,F5,F6,Vox Alk,,,kit-specific
18,1,HouseKit,127,0,61,,90,F♯5,F♯6,Udu High,,,kit-specific
18,1,HouseKit,127,0,61,,91,G5,G6,Filter Kick,,,kit-specific
19,1,RockKit,127,0,91,yes,13,C♯-1,C♯0,Surdo Mute,3,,same as StandardKit1
19,1,RealDrumKit,127,0,92,yes,13,C♯-1,C♯0,Surdo Mute,3,,same as StandardKit1
19,1,RockKit,127,0,91,yes,14,D-1,D0,Surdo Open,3,,same as StandardKit1
19,1,RealDrumKit,127,0,92,yes,14,D-1,D0,Surdo Open,3,,same as StandardKit1
19,1,RockKit,127,0,91,yes,15,D♯-1,D♯0,Hi Q,,,same as StandardKit1
19,1,RealDrumKit,127,0,92,yes,15,D♯-1,D♯0,Hi Q,,,same as StandardKit1
19,1,RockKit,127,0,91,yes,16,E-1,E0,Whip Slap,,,same as StandardKit1
19,1,RealDrumKit,127,0,92,yes,16,E-1,E0,Whip Slap,,,same as StandardKit1
19,1,RockKit,127,0,91,yes,17,F-1,F0,Scratch H,4,,same as StandardKit1
19,1,RealDrumKit,127,0,92,yes,17,F-1,F0,Scratch H,4,,same as StandardKit1
19,1,RockKit,127,0,91,yes,18,F♯-1,F♯0,Scratch L,4,,same as StandardKit1
19,1,RealDrumKit,127,0,92,yes,18,F♯-1,F♯0,Scratch L,4,,same as StandardKit1
19,1,RockKit,127,0,91,yes,19,G-1,G0,Finger Snap,,,same as StandardKit1
19,1,RealDrumKit,127,0,92,yes,19,G-1,G0,Finger Snap,,,same as StandardKit1
19,1,RockKit,127,0,91,yes,20,G♯-1,G♯0,Click Noise,,,same as StandardKit1
19,1,RealDrumKit,127,0,92,yes,20,G♯-1,G♯0,Click Noise,,,same as StandardKit1
19,1,RockKit,127,0,91,yes,21,A-1,A0,Metronome Click,,,same as StandardKit1
19,1,RealDrumKit,127,0,92,yes,21,A-1,A0,Metronome Click,,,same as StandardKit1
19,1,RockKit,127,0,91,yes,22,A♯-1,A♯0,Metronome Bell,,,same as StandardKit1
19,1,RealDrumKit,127,0,92,yes,22,A♯-1,A♯0,Metronome Bell,,,same as StandardKit1
19,1,RockKit,127,0,91,yes,23,B-1,B0,Seq Click L,,,same as StandardKit1
19,1,RealDrumKit,127,0,92,yes,23,B-1,B0,Seq Click L,,,same as StandardKit1
19,1,RockKit,127,0,91,yes,24,C0,C1,Seq Click H,,,same as StandardKit1
19,1,RealDrumKit,127,0,92,yes,24,C0,C1,Seq Click H,,,same as StandardKit1
19,1,RockKit,127,0,91,yes,25,C♯0,C♯1,Brush Tap,,,same as StandardKit1
19,1,RealDrumKit,127,0,92,yes,25,C♯0,C♯1,Brush Tap,,,same as StandardKit1
19,1,RockKit,127,0,91,yes,26,D0,D1,Brush Swirl,,yes,same as StandardKit1
19,1,RealDrumKit,127,0,92,yes,26,D0,D1,Brush Tap Swirl,,yes,kit-specific
19,1,RockKit,127,0,91,yes,27,D♯0,D♯1,Brush Slap,,,same as StandardKit1
19,1,RealDrumKit,127,0,92,yes,27,D♯0,D♯1,Brush Slap,,,same as StandardKit1
19,1,RockKit,127,0,91,yes,28,E0,E1,Brush Tap Swirl,,yes,same as StandardKit1
19,1,RealDrumKit,127,0,92,yes,28,E0,E1,Brush Tap Swirl,,yes,same as StandardKit1
19,1,RockKit,127,0,91,yes,29,F0,F1,Snare Roll Rock,,yes,kit-specific
19,1,RealDrumKit,127,0,92,yes,29,F0,F1,Snare Roll Rock,,yes,kit-specific
19,1,RockKit,127,0,91,yes,30,F♯0,F♯1,Castanet,,,same as StandardKit1
19,1,RealDrumKit,127,0,92,yes,30,F♯0,F♯1,Castanet,,,same as StandardKit1
19,1,RockKit,127,0,91,yes,31,G0,G1,Snare Soft Rock,,,kit-specific
19,1,RealDrumKit,127,0,92,yes,31,G0,G1,Snare Tight,,,kit-specific
19,1,RockKit,127,0,91,yes,32,G♯0,G♯1,Sticks,,,same as StandardKit1
19,1,RealDrumKit,127,0,92,yes,32,G♯0,G♯1,Sticks,,,same as StandardKit1
19,1,RockKit,127,0,91,yes,33,A0,A1,Kick Soft Rock,,,kit-specific
19,1,RealDrumKit,127,0,92,yes,33,A0,A1,Kick Genuine,,,kit-specific
19,1,RockKit,127,0,91,yes,34,A♯0,A♯1,Rim Rock,,,kit-specific
19,1,RealDrumKit,127,0,92,yes,34,A♯0,A♯1,Rim Real,,,kit-specific
19,1,RockKit,127,0,91,yes,35,B0,B1,Kick Rock Heavy,,,kit-specific
19,1,RealDrumKit,127,0,92,yes,35,B0,B1,Kick Real 1,,,kit-specific
19,1,RockKit,127,0,91,yes,36,C1,C2,Kick Rock,,,kit-specific
19,1,RealDrumKit,127,0,92,yes,36,C1,C2,Kick Real 2,,,kit-specific
19,1,SFX Kit1,126,0,1,,36,C1,C2,Cutting Noise 1,,yes,kit-specific
19,1,SFX Kit2,126,0,2,,36,C1,C2,Phone Call,,yes,kit-specific
19,1,NoisesKit,126,0,9,,36,C1,C2,White Noise,,yes,kit-specific
19,1,RockKit,127,0,91,yes,37,C♯1,C♯2,Stick Rock,,,kit-specific
19,1,RealDrumKit,127,0,92,yes,37,C♯1,C♯2,Stick Real,,,kit-specific
19,1,SFX Kit1,126,0,1,,37,C♯1,C♯2,Cutting Noise 2,,yes,kit-specific
19,1,SFX Kit2,126,0,2,,37,C♯1,C♯2,Door Squeak,,yes,kit-specific
19,1,NoisesKit,126,0,9,,37,C♯1,C♯2,Pink Noise,,yes,kit-specific
19,1,RockKit,127,0,91,yes,38,D1,D2,Snare Rock,,,kit-specific
19,1,RealDrumKit,127,0,92,yes,38,D1,D2,Snare Real 1,,,kit-specific
19,1,SFX Kit2,126,0,2,,38,D1,D2,Door Slam,,yes,kit-specific
19,1,NoisesKit,126,0,9,,38,D1,D2,White Noise Down 1,,yes,kit-specific
19,1,RockKit,127,0,91,yes,39,D♯1,D♯2,Hand Clap Power,,,kit-specific
19,1,RealDrumKit,127,0,92,yes,39,D♯1,D♯2,Clap Power,,,kit-specific
19,1,SFX Kit1,126,0,1,,39,D♯1,D♯2,String Slap,,yes,kit-specific
19,1,SFX Kit2,126,0,2,,39,D♯1,D♯2,Scratch Cut,,yes,kit-specific
19,1,NoisesKit,126,0,9,,39,D♯1,D♯2,Pink Noise Down 1,,yes,kit-specific
19,1,RockKit,127,0,91,yes,40,E1,E2,Snare Dry Rock,,,kit-specific
19,1,RealDrumKit,127,0,92,yes,40,E1,E2,Snare Real 2,,,kit-specific
19,1,SFX Kit2,126,0,2,,40,E1,E2,Scratch Split,,yes,kit-specific
19,1,NoisesKit,126,0,9,,40,E1,E2,White Noise Down 2,,yes,kit-specific
19,1,RockKit,127,0,91,yes,41,F1,F2,Tom Rock 1,,,kit-specific
19,1,RealDrumKit,127,0,92,yes,41,F1,F2,Tom Real 1,,,kit-specific
19,1,SFX Kit2,126,0,2,,41,F1,F2,Wind Chime,,yes,kit-specific
19,1,NoisesKit,126,0,9,,41,F1,F2,Pink Noise Down 2,,yes,kit-specific
19,1,RockKit,127,0,91,yes,42,F♯1,F♯2,Hi-Hat Closed Rock,1,,kit-specific
19,1,RealDrumKit,127,0,92,yes,42,F♯1,F♯2,Hi-Hat Closed Real,1,,kit-specific
19,1,SFX Kit2,126,0,2,,42,F♯1,F♯2,Telephone Ring,,yes,kit-specific
19,1,NoisesKit,126,0,9,,42,F♯1,F♯2,White Noise Up 2,,yes,kit-specific
19,1,RockKit,127,0,91,yes,43,G1,G2,Tom Rock 2,,,kit-specific
19,1,RealDrumKit,127,0,92,yes,43,G1,G2,Tom Real 2,,,kit-specific
19,1,NoisesKit,126,0,9,,43,G1,G2,White Noise Up 1,,yes,kit-specific
19,1,RockKit,127,0,91,yes,44,G♯1,G♯2,Hi-Hat Pedal Rock,1,,kit-specific
19,1,RealDrumKit,127,0,92,yes,44,G♯1,G♯2,Hi-Hat Pedal Real,1,,kit-specific
19,1,NoisesKit,126,0,9,,44,G♯1,G♯2,Pink Noise Up,,yes,kit-specific
19,1,RockKit,127,0,91,yes,45,A1,A2,Tom Rock 3,,,kit-specific
19,1,RealDrumKit,127,0,92,yes,45,A1,A2,Tom Real 3,,,kit-specific
19,1,NoisesKit,126,0,9,,45,A1,A2,White Noise Up Release,,yes,kit-specific
19,1,RockKit,127,0,91,yes,46,A♯1,A♯2,Hi-Hat Open Rock,1,,kit-specific
19,1,RealDrumKit,127,0,92,yes,46,A♯1,A♯2,Hi-Hat Open Real,1,,kit-specific
19,1,NoisesKit,126,0,9,,46,A♯1,A♯2,Pink Noise Up Release,,yes,kit-specific
19,1,RockKit,127,0,91,yes,47,B1,B2,Tom Rock 4,,,kit-specific
19,1,RealDrumKit,127,0,92,yes,47,B1,B2,Tom Real 4,,,kit-specific
19,1,NoisesKit,126,0,9,,47,B1,B2,White Noise Up LFO,,yes,kit-specific
19,1,RockKit,127,0,91,yes,48,C2,C3,Tom Rock 5,,,kit-specific
19,1,RealDrumKit,127,0,92,yes,48,C2,C3,Tom Real 5,,,kit-specific
19,1,NoisesKit,126,0,9,,48,C2,C3,Pink Noise Up LFO,,yes,kit-specific
19,1,RockKit,127,0,91,yes,49,C♯2,C♯3,Crash Cymbal Acoustic 1,,,kit-specific
19,1,RealDrumKit,127,0,92,yes,49,C♯2,C♯3,Crash Cymbal Real 1,,,kit-specific
19,1,RockKit,127,0,91,yes,50,D2,D3,Tom Rock 6,,,kit-specific
19,1,RealDrumKit,127,0,92,yes,50,D2,D3,Tom Real 6,,,kit-specific
19,1,RockKit,127,0,91,yes,51,D♯2,D♯3,Ride Cymbal Acoustic 1,,,kit-specific
19,1,RealDrumKit,127,0,92,yes,51,D♯2,D♯3,Ride Cymbal Real 1,,,kit-specific
19,1,RockKit,127,0,91,yes,52,E2,E3,China Cymbal Acoustic,,,kit-specific
19,1,RealDrumKit,127,0,92,yes,52,E2,E3,China Cymbal Real,,,kit-specific
19,1,SFX Kit1,126,0,1,,52,E2,E3,Flute Key Click,,yes,kit-specific
19,1,SFX Kit2,126,0,2,,52,E2,E3,Car Engine Ignition,,yes,kit-specific
19,1,RockKit,127,0,91,yes,53,F2,F3,Ride Cymbal Cup Acoustic,,,kit-specific
19,1,RealDrumKit,127,0,92,yes,53,F2,F3,Ride Cymbal Cup Real,,,kit-specific
19,1,SFX Kit2,126,0,2,,53,F2,F3,Car Tires Squeal,,yes,kit-specific
19,1,RockKit,127,0,91,yes,54,F♯2,F♯3,Tambourine,,,same as StandardKit1
19,1,RealDrumKit,127,0,92,yes,54,F♯2,F♯3,Tambourine,,,same as StandardKit1
19,1,SFX Kit2,126,0,2,,54,F♯2,F♯3,Car Passing,,yes,kit-specific
19,1,RockKit,127,0,91,yes,55,G2,G3,Splash Cymbal Acoustic,,,kit-specific
19,1,RealDrumKit,127,0,92,yes,55,G2,G3,Splash Cymbal Real,,,kit-specific
19,1,SFX Kit2,126,0,2,,55,G2,G3,Car Crash,,yes,kit-specific
19,1,RockKit,127,0,91,yes,56,G♯2,G♯3,Cowbell,,,same as StandardKit1
19,1,RealDrumKit,127,0,92,yes,56,G♯2,G♯3,Cowbell,,,same as StandardKit1
19,1,SFX Kit2,126,0,2,,56,G♯2,G♯3,Siren,,yes,kit-specific
19,1,RockKit,127,0,91,yes,57,A2,A3,Crash Cymbal Acoustic 2,,,kit-specific
19,1,RealDrumKit,127,0,92,yes,57,A2,A3,Crash Cymbal Real 2,,,kit-specific
19,1,SFX Kit2,126,0,2,,57,A2,A3,Train,,yes,kit-specific
19,1,RockKit,127,0,91,yes,58,A♯2,A♯3,Vibraslap,,,same as StandardKit1
19,1,RealDrumKit,127,0,92,yes,58,A♯2,A♯3,Vibraslap,,,same as StandardKit1
19,1,SFX Kit2,126,0,2,,58,A♯2,A♯3,Jet Plane,,yes,kit-specific
19,1,RockKit,127,0,91,yes,59,B2,B3,Ride Cymbal Acoustic 2,,,kit-specific
19,1,RealDrumKit,127,0,92,yes,59,B2,B3,Ride Cymbal Real 2,,,kit-specific
19,1,SFX Kit2,126,0,2,,59,B2,B3,Starship,,yes,kit-specific
19,1,RockKit,127,0,91,yes,60,C3,C4,Bongo H,,,same as StandardKit1
19,1,RealDrumKit,127,0,92,yes,60,C3,C4,Bongo H,,,same as StandardKit1
19,1,SFX Kit2,126,0,2,,60,C3,C4,Burst,,yes,kit-specific
19,1,RockKit,127,0,91,yes,61,C♯3,C♯4,Bongo L,,,same as StandardKit1
19,1,RealDrumKit,127,0,92,yes,61,C♯3,C♯4,Bongo L,,,same as StandardKit1
19,1,SFX Kit2,126,0,2,,61,C♯3,C♯4,Roller Coaster,,yes,kit-specific
19,1,RockKit,127,0,91,yes,62,D3,D4,Conga H Mute,,,same as StandardKit1
19,1,RealDrumKit,127,0,92,yes,62,D3,D4,Conga H Mute,,,same as StandardKit1
19,1,SFX Kit2,126,0,2,,62,D3,D4,Submarine,,yes,kit-specific
19,1,RockKit,127,0,91,yes,63,D♯3,D♯4,Conga H Open,,,same as StandardKit1
19,1,RealDrumKit,127,0,92,yes,63,D♯3,D♯4,Conga H Open,,,same as StandardKit1
19,1,RockKit,127,0,91,yes,64,E3,E4,Conga L,,,same as StandardKit1
19,1,RealDrumKit,127,0,92,yes,64,E3,E4,Conga L,,,same as StandardKit1
19,1,RockKit,127,0,91,yes,65,F3,F4,Timbale H,,,same as StandardKit1
19,1,RealDrumKit,127,0,92,yes,65,F3,F4,Timbale H,,,same as StandardKit1
19,1,RockKit,127,0,91,yes,66,F♯3,F♯4,Timbale L,,,same as StandardKit1
19,1,RealDrumKit,127,0,92,yes,66,F♯3,F♯4,Timbale L,,,same as StandardKit1
19,1,RockKit,127,0,91,yes,67,G3,G4,Agogo H,,,same as StandardKit1
19,1,RealDrumKit,127,0,92,yes,67,G3,G4,Agogo H,,,same as StandardKit1
19,1,RockKit,127,0,91,yes,68,G♯3,G♯4,Agogo L,,,same as StandardKit1
19,1,RealDrumKit,127,0,92,yes,68,G♯3,G♯4,Agogo L,,,same as StandardKit1
19,1,SFX Kit1,126,0,1,,68,G♯3,G♯4,Shower,,yes,kit-specific
19,1,SFX Kit2,126,0,2,,68,G♯3,G♯4,Laugh,,yes,kit-specific
19,1,RockKit,127,0,91,yes,69,A3,A4,Cabasa,,,same as StandardKit1
19,1,RealDrumKit,127,0,92,yes,69,A3,A4,Cabasa,,,same as StandardKit1
19,1,SFX Kit1,126,0,1,,69,A3,A4,Thunder,,yes,kit-specific
19,1,SFX Kit2,126,0,2,,69,A3,A4,Scream,,yes,kit-specific
19,1,RockKit,127,0,91,yes,70,A♯3,A♯4,Maracas,,,same as StandardKit1
19,1,RealDrumKit,127,0,92,yes,70,A♯3,A♯4,Maracas,,,same as StandardKit1
19,1,SFX Kit1,126,0,1,,70,A♯3,A♯4,Wind,,yes,kit-specific
19,1,SFX Kit2,126,0,2,,70,A♯3,A♯4,Punch,,yes,kit-specific
19,1,RockKit,127,0,91,yes,71,B3,B4,Samba Whistle H,,yes,same as StandardKit1
19,1,RealDrumKit,127,0,92,yes,71,B3,B4,Samba Whistle H,,yes,same as StandardKit1
19,1,SFX Kit1,126,0,1,,71,B3,B4,Stream,,yes,kit-specific
19,1,SFX Kit2,126,0,2,,71,B3,B4,Heart Beat,,yes,kit-specific
19,1,RockKit,127,0,91,yes,72,C4,C5,Samba Whistle L,,yes,same as StandardKit1
19,1,RealDrumKit,127,0,92,yes,72,C4,C5,Samba Whistle L,,yes,same as StandardKit1
19,1,SFX Kit1,126,0,1,,72,C4,C5,Bubble,,yes,kit-specific
19,1,SFX Kit2,126,0,2,,72,C4,C5,Foot Steps,,yes,kit-specific
19,1,RockKit,127,0,91,yes,73,C♯4,C♯5,Guiro Short,,,same as StandardKit1
19,1,RealDrumKit,127,0,92,yes,73,C♯4,C♯5,Guiro Short,,,same as StandardKit1
19,1,SFX Kit1,126,0,1,,73,C♯4,C♯5,Feed,,yes,kit-specific
19,1,RockKit,127,0,91,yes,74,D4,D5,Guiro Long,,yes,same as StandardKit1
19,1,RealDrumKit,127,0,92,yes,74,D4,D5,Guiro Long,,yes,same as StandardKit1
19,1,RockKit,127,0,91,yes,75,D♯4,D♯5,Claves,,,same as StandardKit1
19,1,RealDrumKit,127,0,92,yes,75,D♯4,D♯5,Claves,,,same as StandardKit1
19,1,RockKit,127,0,91,yes,76,E4,E5,Wood Block H,,,same as StandardKit1
19,1,RealDrumKit,127,0,92,yes,76,E4,E5,Wood Block H,,,same as StandardKit1
19,1,RockKit,127,0,91,yes,77,F4,F5,Wood Block L,,,same as StandardKit1
19,1,RealDrumKit,127,0,92,yes,77,F4,F5,Wood Block L,,,same as StandardKit1
19,1,RockKit,127,0,91,yes,78,F♯4,F♯5,Cuica Mute,,,same as StandardKit1
19,1,RealDrumKit,127,0,92,yes,78,F♯4,F♯5,Cuica Mute,,,same as StandardKit1
19,1,RockKit,127,0,91,yes,79,G4,G5,Cuica Open,,,same as StandardKit1
19,1,RealDrumKit,127,0,92,yes,79,G4,G5,Cuica Open,,,same as StandardKit1
19,1,RockKit,127,0,91,yes,80,G♯4,G♯5,Triangle Mute,2,,same as StandardKit1
19,1,RealDrumKit,127,0,92,yes,80,G♯4,G♯5,Triangle Mute,2,,same as StandardKit1
19,1,RockKit,127,0,91,yes,81,A4,A5,Triangle Open,2,,same as StandardKit1
19,1,RealDrumKit,127,0,92,yes,81,A4,A5,Triangle Open,2,,same as StandardKit1
19,1,RockKit,127,0,91,yes,82,A♯4,A♯5,Shaker,,,same as StandardKit1
19,1,RealDrumKit,127,0,92,yes,82,A♯4,A♯5,Shaker,,,same as StandardKit1
19,1,RockKit,127,0,91,yes,83,B4,B5,Jingle Bells,,,same as StandardKit1
19,1,RealDrumKit,127,0,92,yes,83,B4,B5,Jingle Bells,,,same as StandardKit1
19,1,RockKit,127,0,91,yes,84,C5,C6,Wind Chime,,,kit-specific
19,1,RealDrumKit,127,0,92,yes,84,C5,C6,Wind Chime,,,kit-specific
19,1,SFX Kit1,126,0,1,,84,C5,C6,Dog,,yes,kit-specific
19,1,SFX Kit2,126,0,2,,84,C5,C6,Machine Gun,,yes,kit-specific
19,1,SFX Kit1,126,0,1,,85,C♯5,C♯6,Horse,,yes,kit-specific
19,1,SFX Kit2,126,0,2,,85,C♯5,C♯6,Laser Gun,,yes,kit-specific
19,1,SFX Kit1,126,0,1,,86,D5,D6,Bird Tweet,,yes,kit-specific
19,1,SFX Kit2,126,0,2,,86,D5,D6,Explosion,,yes,kit-specific
19,1,SFX Kit2,126,0,2,,87,D♯5,D♯6,Firework,,yes,kit-specific
19,1,SFX Kit1,126,0,1,,90,F♯5,F♯6,Ghost,,yes,kit-specific
19,1,SFX Kit1,126,0,1,,91,G5,G6,Maou,,yes,kit-specific
20,1,PopLatinKit 1,126,0,44,,13,C♯-1,C♯0,Cajon Low,,,kit-specific
20,1,TurkishKit,126,0,68,,13,C♯-1,C♯0,Asma Davul Left Side,,,kit-specific
20,1,PopLatinKit 1,126,0,44,,14,D-1,D0,Cajon Slap,,,kit-specific
20,1,TurkishKit,126,0,68,,14,D-1,D0,Asma Davul Right Side,,,kit-specific
20,1,PopLatinKit 1,126,0,44,,15,D♯-1,D♯0,Cajon Tip,,,kit-specific
20,1,TurkishKit,126,0,68,,15,D♯-1,D♯0,Asma Davul Side Body,,,kit-specific
20,1,PopLatinKit 1,126,0,44,,16,E-1,E0,Claves High,,,kit-specific
20,1,TurkishKit,126,0,68,,16,E-1,E0,Asma Davul Both Sides,,,kit-specific
20,1,PopLatinKit 1,126,0,44,,17,F-1,F0,Claves Low,,,kit-specific
20,1,TurkishKit,126,0,68,,17,F-1,F0,Koltuk Davul Flam,,,kit-specific
20,1,PopLatinKit 1,126,0,44,,18,F♯-1,F♯0,Hand Clap,,,kit-specific
20,1,TurkishKit,126,0,68,,18,F♯-1,F♯0,Koltuk Davul Teke,,,kit-specific
20,1,TurkishKit,126,0,68,,19,G-1,G0,Koltuk Davul Tek,,,kit-specific
20,1,PopLatinKit 1,126,0,44,,20,G♯-1,G♯0,Finger Snap,,,kit-specific
20,1,TurkishKit,126,0,68,,20,G♯-1,G♯0,Koltuk Davul Dum,,,kit-specific
20,1,PopLatinKit 1,126,0,44,,21,A-1,A0,Castanet,,,kit-specific
20,1,TurkishKit,126,0,68,,21,A-1,A0,Bendir Teke Flam,,,kit-specific
20,1,CubanKit,126,0,41,,22,A♯-1,A♯0,Conga H Tip,,,kit-specific
20,1,PopLatinKit 1,126,0,44,,22,A♯-1,A♯0,Conga H Tip,,,kit-specific
20,1,TurkishKit,126,0,68,,22,A♯-1,A♯0,Bendir Teke Dead,,,kit-specific
20,1,CubanKit,126,0,41,,23,B-1,B0,Conga H Heel,,,kit-specific
20,1,PopLatinKit 1,126,0,44,,23,B-1,B0,Conga H Heel,,,kit-specific
20,1,TurkishKit,126,0,68,,23,B-1,B0,Bendir Tek Dead,,,kit-specific
20,1,ArabicKit,126,0,36,,24,C0,C1,Nakarazan Dom,,,kit-specific
20,1,CubanKit,126,0,41,,24,C0,C1,Conga H Open,,,kit-specific
20,1,PopLatinKit 1,126,0,44,,24,C0,C1,Conga H Open,,,kit-specific
20,1,TurkishKit,126,0,68,,24,C0,C1,Bendir Teke,,,kit-specific
20,1,ArabicKit,126,0,36,,25,C♯0,C♯1,Cabasa,,,kit-specific
20,1,CubanKit,126,0,41,,25,C♯0,C♯1,Conga H Mute,,,kit-specific
20,1,PopLatinKit 1,126,0,44,,25,C♯0,C♯1,Conga H Mute,,,kit-specific
20,1,TurkishKit,126,0,68,,25,C♯0,C♯1,Bendir Tek,,,kit-specific
20,1,ArabicKit,126,0,36,,26,D0,D1,Nakarazan Edge,,,kit-specific
20,1,CubanKit,126,0,41,,26,D0,D1,Conga H Slap Open,,,kit-specific
20,1,PopLatinKit 1,126,0,44,,26,D0,D1,Conga H Slap Open,,,kit-specific
20,1,TurkishKit,126,0,68,,26,D0,D1,Bendir Slap,2,,kit-specific
20,1,ArabicKit,126,0,36,,27,D♯0,D♯1,Hager Dom,,,kit-specific
20,1,CubanKit,126,0,41,,27,D♯0,D♯1,Conga H Slap,,,kit-specific
20,1,PopLatinKit 1,126,0,44,,27,D♯0,D♯1,Conga H Slap,,,kit-specific
20,1,TurkishKit,126,0,68,,27,D♯0,D♯1,Bendir Dum,2,,kit-specific
20,1,ArabicKit,126,0,36,,28,E0,E1,Hager Edge,,,kit-specific
20,1,CubanKit,126,0,41,,28,E0,E1,Conga H Slap Mute,,,kit-specific
20,1,PopLatinKit 1,126,0,44,,28,E0,E1,Conga H Slap Mute,,,kit-specific
20,1,TurkishKit,126,0,68,,28,E0,E1,Zil Right Close,3,,kit-specific
20,1,ArabicKit,126,0,36,,29,F0,F1,Bongo H,,,kit-specific
20,1,CubanKit,126,0,41,,29,F0,F1,Conga L Tip,,,kit-specific
20,1,PopLatinKit 1,126,0,44,,29,F0,F1,Conga L Tip,,,kit-specific
20,1,TurkishKit,126,0,68,,29,F0,F1,Zil Right Open,3,,kit-specific
20,1,ArabicKit,126,0,36,,30,F♯0,F♯1,Bongo L,,,kit-specific
20,1,CubanKit,126,0,41,,30,F♯0,F♯1,Conga L Heel,,,kit-specific
20,1,PopLatinKit 1,126,0,44,,30,F♯0,F♯1,Conga L Heel,,,kit-specific
20,1,TurkishKit,126,0,68,,30,F♯0,F♯1,Zil Left Close,4,,kit-specific
20,1,ArabicKit,126,0,36,,31,G0,G1,Conga H Mute,,,kit-specific
20,1,CubanKit,126,0,41,,31,G0,G1,Conga L Open,,,kit-specific
20,1,PopLatinKit 1,126,0,44,,31,G0,G1,Conga L Open,,,kit-specific
20,1,TurkishKit,126,0,68,,31,G0,G1,Zil Left Open,4,,kit-specific
20,1,ArabicKit,126,0,36,,32,G♯0,G♯1,Conga H Open,,,kit-specific
20,1,CubanKit,126,0,41,,32,G♯0,G♯1,Conga L Mute,,,kit-specific
20,1,PopLatinKit 1,126,0,44,,32,G♯0,G♯1,Conga L Mute,,,kit-specific
20,1,TurkishKit,126,0,68,,32,G♯0,G♯1,Tef Teke Flam,5,,kit-specific
20,1,ArabicKit,126,0,36,,33,A0,A1,Conga L,,,kit-specific
20,1,CubanKit,126,0,41,,33,A0,A1,Conga L Slap Open,,,kit-specific
20,1,PopLatinKit 1,126,0,44,,33,A0,A1,Conga L Slap Open,,,kit-specific
20,1,TurkishKit,126,0,68,,33,A0,A1,Tef Tek Mute,5,,kit-specific
20,1,ArabicKit,126,0,36,,34,A♯0,A♯1,Zagrouda H,,,kit-specific
20,1,CubanKit,126,0,41,,34,A♯0,A♯1,Conga L Slap,,,kit-specific
20,1,PopLatinKit 1,126,0,44,,34,A♯0,A♯1,Conga L Slap,,,kit-specific
20,1,TurkishKit,126,0,68,,34,A♯0,A♯1,Tef Teke Damped,,,kit-specific
20,1,ArabicKit,126,0,36,,35,B0,B1,Zagrouda L,,yes,kit-specific
20,1,CubanKit,126,0,41,,35,B0,B1,Conga L Slide,,yes,kit-specific
20,1,PopLatinKit 1,126,0,44,,35,B0,B1,Conga L Slide,,yes,kit-specific
20,1,TurkishKit,126,0,68,,35,B0,B1,Tef Tek Mute Medium,,,kit-specific
20,1,ArabicKit,126,0,36,,36,C1,C2,Kick Soft,,,kit-specific
20,1,CubanKit,126,0,41,,36,C1,C2,Bongo H Open One Finger,,,kit-specific
20,1,PopLatinKit 1,126,0,44,,36,C1,C2,Bongo H Open One Finger,,,kit-specific
20,1,TurkishKit,126,0,68,,36,C1,C2,Tef Dum Mute,,,kit-specific
20,1,ArabicKit,126,0,36,,37,C♯1,C♯2,Side Stick,,,kit-specific
20,1,CubanKit,126,0,41,,37,C♯1,C♯2,Bongo H Open Three Finger,,,kit-specific
20,1,PopLatinKit 1,126,0,44,,37,C♯1,C♯2,Bongo H Open Three Finger,,,kit-specific
20,1,TurkishKit,126,0,68,,37,C♯1,C♯2,Tef Cymbal,9,,kit-specific
20,1,ArabicKit,126,0,36,,38,D1,D2,Snare Soft,,,kit-specific
20,1,CubanKit,126,0,41,,38,D1,D2,Bongo H Rim,,,kit-specific
20,1,PopLatinKit 1,126,0,44,,38,D1,D2,Bongo H Rim,,,kit-specific
20,1,TurkishKit,126,0,68,,38,D1,D2,Tef Cymbal Mute,9,,kit-specific
20,1,ArabicKit,126,0,36,,39,D♯1,D♯2,Arabic Hand Clap,,,kit-specific
20,1,CubanKit,126,0,41,,39,D♯1,D♯2,Bongo H Tip,,,kit-specific
20,1,PopLatinKit 1,126,0,44,,39,D♯1,D♯2,Bongo H Tip,,,kit-specific
20,1,TurkishKit,126,0,68,,39,D♯1,D♯2,Tef Tremolo,,yes,kit-specific
20,1,ArabicKit,126,0,36,,40,E1,E2,Snare Drum,,,kit-specific
20,1,CubanKit,126,0,41,,40,E1,E2,Bongo H Heel,,,kit-specific
20,1,PopLatinKit 1,126,0,44,,40,E1,E2,Bongo H Heel,,,kit-specific
20,1,TurkishKit,126,0,68,,40,E1,E2,Tef Shake 1,,,kit-specific
20,1,ArabicKit,126,0,36,,41,F1,F2,Floor Tom L,,,kit-specific
20,1,CubanKit,126,0,41,,41,F1,F2,Bongo H Slap,,,kit-specific
20,1,PopLatinKit 1,126,0,44,,41,F1,F2,Bongo H Slap,,,kit-specific
20,1,TurkishKit,126,0,68,,41,F1,F2,Tef Shake 2,,,kit-specific
20,1,ArabicKit,126,0,36,,42,F♯1,F♯2,Hi-Hat Closed,1,,kit-specific
20,1,CubanKit,126,0,41,,42,F♯1,F♯2,Bongo L Open One Finger,,,kit-specific
20,1,PopLatinKit 1,126,0,44,,42,F♯1,F♯2,Bongo L Open One Finger,,,kit-specific
20,1,TurkishKit,126,0,68,,42,F♯1,F♯2,Tef Tek Flam,,,kit-specific
20,1,ArabicKit,126,0,36,,43,G1,G2,Floor Tom H,,,kit-specific
20,1,CubanKit,126,0,41,,43,G1,G2,Bongo L Open Three Finger,,,kit-specific
20,1,PopLatinKit 1,126,0,44,,43,G1,G2,Bongo L Open Three Finger,,,kit-specific
20,1,TurkishKit,126,0,68,,43,G1,G2,Tef Full Open,,,kit-specific
20,1,ArabicKit,126,0,36,,44,G♯1,G♯2,Hi-Hat Pedal,1,,kit-specific
20,1,CubanKit,126,0,41,,44,G♯1,G♯2,Bongo L Rim,,,kit-specific
20,1,PopLatinKit 1,126,0,44,,44,G♯1,G♯2,Bongo L Rim,,,kit-specific
20,1,TurkishKit,126,0,68,,44,G♯1,G♯2,Tef Teke Open Short,,,kit-specific
20,1,ArabicKit,126,0,36,,45,A1,A2,Low Tom,,,kit-specific
20,1,CubanKit,126,0,41,,45,A1,A2,Bongo L Tip,,,kit-specific
20,1,PopLatinKit 1,126,0,44,,45,A1,A2,Bongo L Tip,,,kit-specific
20,1,TurkishKit,126,0,68,,45,A1,A2,Tef Tek Open Short,,,kit-specific
20,1,ArabicKit,126,0,36,,46,A♯1,A♯2,Hi-Hat Open,1,,kit-specific
20,1,CubanKit,126,0,41,,46,A♯1,A♯2,Bongo L Heel,,,kit-specific
20,1,PopLatinKit 1,126,0,44,,46,A♯1,A♯2,Bongo L Heel,,,kit-specific
20,1,TurkishKit,126,0,68,,46,A♯1,A♯2,Tef Tek Open,,,kit-specific
20,1,ArabicKit,126,0,36,,47,B1,B2,Mid Tom L,,,kit-specific
20,1,CubanKit,126,0,41,,47,B1,B2,Bongo L Slap,,,kit-specific
20,1,PopLatinKit 1,126,0,44,,47,B1,B2,Bongo L Slap,,,kit-specific
20,1,TurkishKit,126,0,68,,47,B1,B2,Tef Dum Open,,,kit-specific
20,1,ArabicKit,126,0,36,,48,C2,C3,Mid Tom H,,,kit-specific
20,1,CubanKit,126,0,41,,48,C2,C3,Timbale L,,,kit-specific
20,1,PopLatinKit 1,126,0,44,,48,C2,C3,Timbale L,,,kit-specific
20,1,TurkishKit,126,0,68,,48,C2,C3,Hollo Finger Dead,,,kit-specific
20,1,ArabicKit,126,0,36,,49,C♯2,C♯3,Crash Cymbal 1,,,kit-specific
20,1,TurkishKit,126,0,68,,49,C♯2,C♯3,Hollo Slap,,,kit-specific
20,1,ArabicKit,126,0,36,,50,D2,D3,High Tom,,,kit-specific
20,1,TurkishKit,126,0,68,,50,D2,D3,Hollo Dum,,,kit-specific
20,1,ArabicKit,126,0,36,,51,D♯2,D♯3,Ride Cymbal 1,,,kit-specific
20,1,TurkishKit,126,0,68,,51,D♯2,D♯3,Kasik,1,,kit-specific
20,1,ArabicKit,126,0,36,,52,E2,E3,Crash Cymbal 2,,,kit-specific
20,1,TurkishKit,126,0,68,,52,E2,E3,Kasik Flam,1,,kit-specific
20,1,ArabicKit,126,0,36,,53,F2,F3,Duhulla Dom,,,kit-specific
20,1,CubanKit,126,0,41,,53,F2,F3,Paila L,,,kit-specific
20,1,PopLatinKit 1,126,0,44,,53,F2,F3,Paila L,,,kit-specific
20,1,TurkishKit,126,0,68,,53,F2,F3,Bass Darbuka Tek Dead,,,kit-specific
20,1,ArabicKit,126,0,36,,54,F♯2,F♯3,Tambourine,,,kit-specific
20,1,CubanKit,126,0,41,,54,F♯2,F♯3,Timbale H,,,kit-specific
20,1,PopLatinKit 1,126,0,44,,54,F♯2,F♯3,Timbale H,,,kit-specific
20,1,TurkishKit,126,0,68,,54,F♯2,F♯3,Bass Darbuka Tek Flam,,,kit-specific
20,1,ArabicKit,126,0,36,,55,G2,G3,Duhulla Tak,,,kit-specific
20,1,TurkishKit,126,0,68,,55,G2,G3,Bass Darbuka Teke,,,kit-specific
20,1,ArabicKit,126,0,36,,56,G♯2,G♯3,Cowbell,,,kit-specific
20,1,TurkishKit,126,0,68,,56,G♯2,G♯3,Bass Darbuka Teke Other Finger,,,kit-specific
20,1,ArabicKit,126,0,36,,57,A2,A3,Duhulla Sak,,,kit-specific
20,1,TurkishKit,126,0,68,,57,A2,A3,Bass Darbuka Teke Index Finger,,,kit-specific
20,1,ArabicKit,126,0,36,,58,A♯2,A♯3,Claves,,,kit-specific
20,1,TurkishKit,126,0,68,,58,A♯2,A♯3,Bass Darbuka Tek,,,kit-specific
20,1,ArabicKit,126,0,36,,59,B2,B3,Doff Dom,,,kit-specific
20,1,CubanKit,126,0,41,,59,B2,B3,Paila H,,,kit-specific
20,1,PopLatinKit 1,126,0,44,,59,B2,B3,Paila H,,,kit-specific
20,1,TurkishKit,126,0,68,,59,B2,B3,Bass Darbuka Slap,,,kit-specific
20,1,ArabicKit,126,0,36,,60,C3,C4,Katem Dom,,,kit-specific
20,1,CubanKit,126,0,41,,60,C3,C4,Cowbell Top,,,kit-specific
20,1,PopLatinKit 1,126,0,44,,60,C3,C4,Cowbell Top,,,kit-specific
20,1,TurkishKit,126,0,68,,60,C3,C4,Bass Darbuka Slap Medium,7,,kit-specific
20,1,ArabicKit,126,0,36,,61,C♯3,C♯4,Katem Tak,,,kit-specific
20,1,PopLatinKit 1,126,0,44,,61,C♯3,C♯4,Cowbell 1,,,kit-specific
20,1,TurkishKit,126,0,68,,61,C♯3,C♯4,Bass Darbuka Dum,7,,kit-specific
20,1,ArabicKit,126,0,36,,62,D3,D4,Katem Sak,,,kit-specific
20,1,PopLatinKit 1,126,0,44,,62,D3,D4,Cowbell 2,,,kit-specific
20,1,TurkishKit,126,0,68,,62,D3,D4,Darbuka Roll Close,6,yes,kit-specific
20,1,ArabicKit,126,0,36,,63,D♯3,D♯4,Katem Tak,,,kit-specific
20,1,PopLatinKit 1,126,0,44,,63,D♯3,D♯4,Cowbell 3,,,kit-specific
20,1,TurkishKit,126,0,68,,63,D♯3,D♯4,Darbuka Roll Open,6,yes,kit-specific
20,1,ArabicKit,126,0,36,,64,E3,E4,Doff Tak,,,kit-specific
20,1,CubanKit,126,0,41,,64,E3,E4,Guiro Short,,,kit-specific
20,1,PopLatinKit 1,126,0,44,,64,E3,E4,Guiro Short,,,kit-specific
20,1,TurkishKit,126,0,68,,64,E3,E4,Darbuka Teke Damped Flam,,,kit-specific
20,1,ArabicKit,126,0,36,,65,F3,F4,Tabla Dom,,,kit-specific
20,1,CubanKit,126,0,41,,65,F3,F4,Guiro Long,,yes,kit-specific
20,1,PopLatinKit 1,126,0,44,,65,F3,F4,Guiro Long,,yes,kit-specific
20,1,TurkishKit,126,0,68,,65,F3,F4,Darbuka Tek Dead,,,kit-specific
20,1,ArabicKit,126,0,36,,66,F♯3,F♯4,Tabla Tak 1,,,kit-specific
20,1,PopLatinKit 1,126,0,44,,66,F♯3,F♯4,Metal Guiro Short,,,kit-specific
20,1,TurkishKit,126,0,68,,66,F♯3,F♯4,Darbuka Tek Damped,,,kit-specific
20,1,ArabicKit,126,0,36,,67,G3,G4,Tabla Tik,,,kit-specific
20,1,PopLatinKit 1,126,0,44,,67,G3,G4,Metal Guiro Long,,yes,kit-specific
20,1,TurkishKit,126,0,68,,67,G3,G4,Darbuka Teke Open Flam,,,kit-specific
20,1,ArabicKit,126,0,36,,68,G♯3,G♯4,Tabla Tak 2,,,kit-specific
20,1,CubanKit,126,0,41,,68,G♯3,G♯4,Tambourine,,,kit-specific
20,1,PopLatinKit 1,126,0,44,,68,G♯3,G♯4,Tambourine,,,kit-specific
20,1,TurkishKit,126,0,68,,68,G♯3,G♯4,Darbuka Teke Open,,,kit-specific
20,1,ArabicKit,126,0,36,,69,A3,A4,Tabla Sak,,,kit-specific
20,1,PopLatinKit 1,126,0,44,,69,A3,A4,Tambourim Open,,,kit-specific
20,1,TurkishKit,126,0,68,,69,A3,A4,Darbuka Teke Other Finger 1,,,kit-specific
20,1,ArabicKit,126,0,36,,70,A♯3,A♯4,Tabla Roll Edge,,yes,kit-specific
20,1,PopLatinKit 1,126,0,44,,70,A♯3,A♯4,Tambourim Mute,,,kit-specific
20,1,TurkishKit,126,0,68,,70,A♯3,A♯4,Darbuka Teke Index Finger 1,,,kit-specific
20,1,ArabicKit,126,0,36,,71,B3,B4,Tabla Flam,,,kit-specific
20,1,PopLatinKit 1,126,0,44,,71,B3,B4,Tambourim Tip,,,kit-specific
20,1,TurkishKit,126,0,68,,71,B3,B4,Darbuka Tek 1,,,kit-specific
20,1,ArabicKit,126,0,36,,72,C4,C5,Sagat 1,,,kit-specific
20,1,CubanKit,126,0,41,,72,C4,C5,Maracas,,,kit-specific
20,1,PopLatinKit 1,126,0,44,,72,C4,C5,Maracas,,,kit-specific
20,1,TurkishKit,126,0,68,,72,C4,C5,Darbuka Teke Other Finger 2,,,kit-specific
20,1,ArabicKit,126,0,36,,73,C♯4,C♯5,Tabel Dom,,,kit-specific
20,1,CubanKit,126,0,41,,73,C♯4,C♯5,Shaker,,,kit-specific
20,1,PopLatinKit 1,126,0,44,,73,C♯4,C♯5,Shaker,,,kit-specific
20,1,TurkishKit,126,0,68,,73,C♯4,C♯5,Darbuka Teke Index Finger 2,,,kit-specific
20,1,ArabicKit,126,0,36,,74,D4,D5,Sagat 3,,,kit-specific
20,1,CubanKit,126,0,41,,74,D4,D5,Cabasa,,,kit-specific
20,1,PopLatinKit 1,126,0,44,,74,D4,D5,Cabasa,,,kit-specific
20,1,TurkishKit,126,0,68,,74,D4,D5,Darbuka Tek 2,,,kit-specific
20,1,ArabicKit,126,0,36,,75,D♯4,D♯5,Tabel Tak,,,kit-specific
20,1,PopLatinKit 1,126,0,44,,75,D♯4,D♯5,Cuica Mute,,,kit-specific
20,1,TurkishKit,126,0,68,,75,D♯4,D♯5,Darbuka Slap Medium,,,kit-specific
20,1,ArabicKit,126,0,36,,76,E4,E5,Sagat 2,,,kit-specific
20,1,PopLatinKit 1,126,0,44,,76,E4,E5,Cuica Open,,,kit-specific
20,1,TurkishKit,126,0,68,,76,E4,E5,Darbuka Slap,8,,kit-specific
20,1,ArabicKit,126,0,36,,77,F4,F5,Riq Dom,,,kit-specific
20,1,PopLatinKit 1,126,0,44,,77,F4,F5,Cowbell High 1,,,kit-specific
20,1,TurkishKit,126,0,68,,77,F4,F5,Darbuka Dum,8,,kit-specific
20,1,ArabicKit,126,0,36,,78,F♯4,F♯5,Riq Tak 2,,,kit-specific
20,1,PopLatinKit 1,126,0,44,,78,F♯4,F♯5,Cowbell High 2,,,kit-specific
20,1,TurkishKit,126,0,68,,78,F♯4,F♯5,Bongo Tek Roll,,yes,kit-specific
20,1,ArabicKit,126,0,36,,79,G4,G5,Riq Finger 1,,,kit-specific
20,1,PopLatinKit 1,126,0,44,,79,G4,G5,Shekere,,,kit-specific
20,1,TurkishKit,126,0,68,,79,G4,G5,Bongo Flam,,,kit-specific
20,1,ArabicKit,126,0,36,,80,G♯4,G♯5,Riq Tak 1,,,kit-specific
20,1,PopLatinKit 1,126,0,44,,80,G♯4,G♯5,Shekere Tone,,,kit-specific
20,1,TurkishKit,126,0,68,,80,G♯4,G♯5,Bongo Tek Flam,,,kit-specific
20,1,ArabicKit,126,0,36,,81,A4,A5,Riq Finger 2,,,kit-specific
20,1,PopLatinKit 1,126,0,44,,81,A4,A5,Triangle Mute,1,,kit-specific
20,1,TurkishKit,126,0,68,,81,A4,A5,Bongo Tek,,,kit-specific
20,1,ArabicKit,126,0,36,,82,A♯4,A♯5,Riq Brass Tremolo,,yes,kit-specific
20,1,PopLatinKit 1,126,0,44,,82,A♯4,A♯5,Triangle Open,1,,kit-specific
20,1,TurkishKit,126,0,68,,82,A♯4,A♯5,Bongo Slap,,,kit-specific
20,1,ArabicKit,126,0,36,,83,B4,B5,Riq Sak,,,kit-specific
20,1,TurkishKit,126,0,68,,83,B4,B5,Bongo Flam Hi,,,kit-specific
20,1,ArabicKit,126,0,36,,84,C5,C6,Riq Tik,,,kit-specific
20,1,PopLatinKit 1,126,0,44,,84,C5,C6,Wind Chime,,,kit-specific
20,1,TurkishKit,126,0,68,,84,C5,C6,Bongo Dum,,,kit-specific
